id,date,brand,url,views,likes,comments,saves,shares,duration,engagement_rate_total,engagement_rate_clean,efficiency_score_clean,likes_rate,shares_rate,saves_rate,hook_1,hook_2,hook_evidence,hook_confidence,vibe_check,vibe_evidence,vibe_confidence,humor_intent,text_density,text_evidence,gender,humanity_level,protagonist_type,character_name,influencer_score,baby_presence,animal_presence,production_style,camera_dynamics,brand_colors,bg_colors,brand_lore_visual,brand_lore_visual_evidence,brand_lore_text,brand_lore_text_evidence,video_category,product_visible_early,cta_visible,main_topic,sentiment_score,community_reaction,music
7587767013930536225,20251225,burgerking_es,https://www.tiktok.com/@burgerking_es/video/7587767013930536225,4497,49,26,2.0,3,10,1.78,1.2,12.01,01.09,0.07,0.04,text_direct,punch,Text: 'Cuando me hablan antes de que haya bebido de mi taza de Minions'. The text is visible from the first frame.,1.0,lifestyle,"The video has a clean, intentional aesthetic with a person featured prominently. The setting is suggestive of a McDonald's restaurant with a specific marketing campaign tie-in to the Minions movie. The lighting and composition are well-balanced, indicating a studio-like approach to the content.",0.8,yes,medium,Text visible in all frames.,female,face,generic,none,0.0,0,0,false_ugc,static,[],"[""#F24630"", ""#49A743""]",0,none,0,none,promo,1,0,Promoción taza Minion con menú,0.0,indiferente,sonido original
7552909362742725890,20250922,burgerking_es,https://www.tiktok.com/@burgerking_es/video/7552909362742725890,422300,432,33,44.0,32,30,0.13,0.12,1.2,0.1,0.01,0.01,text_direct,flat,Yellow text 'Nuestro becario va a contaros algo y MÁS OS VALE decirle cosas bonitas' is visible. Woman with arms akimbo is looking at the camera. The rhythm is flat.,1.0,lifestyle,"woman is dressed in white, nice background, clean appearance",0.7,yes,high,overlay text covers a large portion of the screen,female,face,generic,none,0.0,0,0,false_ugc,static,[],"[""#967450"", ""#F0E6D2""]",0,none,0,none,branding,0,0,Elaboración de carteles mientras otros comían,0.3,indiferente,Forgotten Melody
7579680187206470934,20251203,burgerking_es,https://www.tiktok.com/@burgerking_es/video/7579680187206470934,4819,80,11,10.0,3,10,2.16,1.93,19.3,1.66,0.06,0.21,text_direct,reveal,The text 'Con el Mystery King no sabes qué burger tocará...' is visible. Burgers appear and change rapidly on the screen.,1.0,chaotic,"Rapid burger changes, unexpected combinations.",0.7,yes,medium,Text is present but not overwhelming.,female,hands,influencer,none,0.7,0,0,false_ugc,static,"[""#FF0000""]","[""#DEB887"", ""#000000""]",0,none,1,Brujillo Juan,promo,1,0,Menú Mystery King by Brujillo Juan,0.7,entusiasta,sonido original
7561072840041155862,20251014,burgerking_es,https://www.tiktok.com/@burgerking_es/video/7561072840041155862,914100,783,55,56.0,114,20,0.11,0.1,01.04,0.09,0.01,0.01,text_direct,punch,Text 'El ASMR más crujiente que vas a escuchar hoy' is prominently visible on all frames.,1.0,sensory,Close up of food with focus on texture and visual appeal. Aims to stimulate senses.,0.8,no,medium,Text is present but does not cover a large portion of the screen.,female,body,none,none,0.0,0,0,false_ugc,static,"[""#FF7000""]","[""#526F4E"", ""#D3D3D3""]",0,none,0,none,branding,1,0,Nuevo producto Krispper,0.4,indiferente,sonido original
7550704227803204886,20250916,burgerking_es,https://www.tiktok.com/@burgerking_es/video/7550704227803204886,969200,780,101,101.0,167,14,0.12,0.11,01.08,0.08,0.02,0.01,text_direct,flat,The text 'Dicen que los perros huelen el miedo...' is prominently displayed. The rhythm feels neutral and flat.,1.0,generic,There are no specific elements that suggest a particular style. The scene is a dog being walked.,0.7,no,low,There is only one line of text on screen.,none,none,none,none,0.0,0,1,ugc,static,[],"[""#A9A197"", ""#F0EAD6""]",0,none,0,none,promo,0,0,Scooby-Doo King Jr. juguetes promocionales,0.0,indiferente,sonido original
7567055958984101142,20251030,burgerking_es,https://www.tiktok.com/@burgerking_es/video/7567055958984101142,14100,301,26,30.0,23,22,2.7,2.51,25.11,2.13,0.16,0.21,text_direct,punch,No hay texto prominente ni acción dominante visible en los primeros frames. Tampoco hay un impacto visual fuerte.,0.0,lifestyle,"The first frames show an employee of Burger King, the following shots show a man in everyday clothes, these elements resemble a commerical.",0.7,yes,low,"Hay texto en el logo de Burger King, pero no es el foco principal.",male,face,employee,none,0.0,0,0,false_ugc,static,"[""#E47325"", ""#A36132""]","[""#FFFFFF"", ""#D3D3D3""]",0,none,0,none,branding,1,0,Grand Whiskey BBQ y Goat Bombs combo,0.7,entusiasta,Cowboy Western Full Version
7578927484696071446,20251201,burgerking_es,https://www.tiktok.com/@burgerking_es/video/7578927484696071446,2600000,457,23,49.0,55,29,0.02,0.02,0.22,0.02,0.0,0.0,text_direct,flat,"The text ""Cuando no afinas, pero vienes con tu espíritu navideño al Autoking"" is visible. The pace is flat.",1.0,lifestyle,"The phrase 'espíritu navideño' contrasts oddly with the setting of the Autoking, creating a slightly absurd or humorous tone.",0.7,yes,medium,Text overlay on the scene.,none,none,none,none,0.0,0,0,studio,static,"[""#FF6600"", ""#FFFFFF""]","[""#FFFFFF"", ""#BEBEBE"", ""#D3D3D3""]",0,none,0,none,branding,0,0,Promoción navideña patatas a un euro,0.5,indiferente,sonido original
7584411289674419489,20251216,burgerking_es,https://www.tiktok.com/@burgerking_es/video/7584411289674419489,34700000,6385,251,911.0,784,21,0.02,0.02,0.23,0.02,0.0,0.0,action,punch,Woman holding a phone in selfie mode. The phone is visible. The camera is close up to the woman's face.,0.8,lifestyle,This feels like UGC due to the selfie style but is a good quality video production. Camera angle and subject.,0.0,no,low,"Minimal text in the background, not prominent.",female,face,generic,none,0.0,0,0,studio,static,[],"[""#D8C19B"", ""#4A3748""]",0,none,0,none,branding,0,0,Nuevas CM y Stacker Huevo Burger King,0.0,indiferente,sonido original
7579960388553329942,20251204,burgerking_es,https://www.tiktok.com/@burgerking_es/video/7579960388553329942,1500000,303,16,32.0,18,25,0.02,0.02,0.24,0.02,0.0,0.0,text_direct,flat,"Text overlay says ""Ponme una playlist navideña"" (Play me a Christmas playlist). There is no clear build-up or reveal of anything significant. The scene appears to be static.",1.0,lifestyle,"Appears to be a casual video taken in a car, with natural lighting and camera shake.",0.9,no,low,Single line of text overlay.,female,body,generic,none,0.0,0,0,false_ugc,static,[],"[""#FFFFFF"", ""#434343""]",0,none,0,none,promo,0,0,Promoción navideña: patatas a un euro,0.6,entusiasta,sonido original
7592580916548128022,20260107,burgerking_es,https://www.tiktok.com/@burgerking_es/video/7592580916548128022,23600000,5784,251,781.0,460,9,0.03,0.03,0.3,0.02,0.0,0.0,text_direct,flat,The first frames contain the text 'Nada mola más que poder hacer magia con tu King Ahorro'. The people shown are standing with trays.,1.0,lifestyle,"The scene has attractive actors, studio lighting, and is designed to simulate a real-world scenario.",0.9,no,medium,Text is visible on the bottom of the frame.,both,body,generic,none,0.0,0,0,studio,static,"[""#E73A03"", ""#F2CE0A""]","[""#D1C18D""]",0,none,0,none,promo,0,0,Rap sobre ahorro al final de mes,0.7,entusiasta,sonido original
7587032748494245142,20251223,burgerking_es,https://www.tiktok.com/@burgerking_es/video/7587032748494245142,20100000,5431,195,613.0,548,13,0.03,0.03,0.33,0.03,0.0,0.0,text_direct,punch,"The text ""Como la haría tu abuela..."" is visible from the first frame. It is a question that engages the viewer directly.",1.0,lifestyle,"The footage has a handheld feel and imperfect lighting suggesting a user-generated style. An elderly woman wearing a BK uniform is speaking to the camera, creating a familiar, real-world setting.",0.9,yes,medium,Text present in the lower portion of the frames.,female,face,employee,none,0.0,0,0,studio,handheld,"[""#F27D00"", ""#F23800"", ""#E6E6E6""]","[""#734634"", ""#E6A875"", ""#D9B8A8""]",0,none,0,none,product_launch,0,0,"Stacker Huevo reto, estilo abuela",0.0,indiferente,sonido original
7577396046649773334,20251127,burgerking_es,https://www.tiktok.com/@burgerking_es/video/7577396046649773334,33600000,10200,303,1436.0,584,14,0.04,0.04,0.36,0.03,0.0,0.0,text_direct,flat,"The text 'Dos POVs, una misión: pillar la Duo Bacon Cheddar antes que se pase el antojo' is prominent. There's no clear rhythm.",1.0,lifestyle,Handheld mobile phone footage style with natural camera shake. Real people are smiling.,0.7,no,medium,Text is visible but not overwhelming.,female,face,generic,none,0.0,0,0,false_ugc,static,[],"[""#F0E9D2"", ""#DEB887"", ""#A9A9A9""]",0,none,0,none,promo,0,0,Duo Bacon Cheddar con amigo/a,0.3,indiferente,sonido original
7585925723555237143,20251220,burgerking_es,https://www.tiktok.com/@burgerking_es/video/7585925723555237143,22200000,6990,269,806.0,551,28,0.04,0.04,0.38,0.03,0.0,0.0,action,flat,elderly woman in BK uniform holding megaphone,0.9,lifestyle,"Staged appearance, film set visible in background",0.8,yes,low,Burger King logo on shirt,female,face,employee,none,0.0,0,0,false_ugc,static,"[""#EE7600""]","[""#C0C0C0"", ""#B2BEB5"", ""#808080""]",0,none,0,none,branding,0,0,Nuevo producto Stacker Huevo,0.4,indiferente,original sound
7548404419436547350,20250910,burgerking_es,https://www.tiktok.com/@burgerking_es/video/7548404419436547350,4700000,1973,82,196.0,230,14,0.05,0.05,0.51,0.04,0.0,0.0,text_direct,flat,"Large text on screen reads ""Formas diferentes de pedir el menú más diferente"". The background is blurred and shows a woman with long hair.",1.0,lifestyle,"Studio lighting, clean composition, and a focus on presentation give it a TV commercial aesthetic.",0.7,yes,medium,"Text covers a portion of the screen, but not excessively.",female,body,generic,none,0.0,0,0,studio,static,[],"[""#D8D8D8"", ""#B0D2E8""]",0,none,0,none,product_launch,0,0,Promoción menú Miércoles para inconformistas,0.0,indiferente,sonido original
7555842933866515734,20250930,burgerking_es,https://www.tiktok.com/@burgerking_es/video/7555842933866515734,60500000,27400,1482,3005.0,2800,16,0.06,0.05,0.55,0.05,0.0,0.0,text_direct,flat,"The hook shows text overlayed at the top that says ""Un sabor asado dificil de explicar con palabras"" and the pacing is flat.",1.0,lifestyle,"Clean shot, good lighting, woman eating burger.",1.0,yes,low,Only text at the top.,female,face,generic,none,0.0,0,0,studio,static,"[""#FF9800"", ""#EB0029""]","[""#FF9100"", ""#D4E098"", ""#2C3E50""]",0,none,0,none,product_launch,1,0,Declaraciones sobre el nuevo producto Krispper,0.4,indiferente,sonido original
7547705838945717526,20250908,burgerking_es,https://www.tiktok.com/@burgerking_es/video/7547705838945717526,4800000,2180,112,259.0,186,11,0.06,0.05,0.55,0.05,0.0,0.01,text_contextual,flat,"The word ""Lunes"" (Monday) is prominently displayed in the center of the frame. It does not engage directly but acts as contextual information.",0.9,generic,"The video depicts a Burger King interior and product display in a standard manner, lacking unique features or intense aesthetics.",0.7,no,low,"Text ""Lunes"" is visible.",female,body,generic,none,0.0,0,0,false_ugc,static,"[""#E57200""]","[""#F2F2F2"", ""#808080"", ""#3D3D3D""]",0,none,0,none,product_launch,1,0,Menú oscuro en restaurantes de Madrid/Barcelona,0.7,entusiasta,sonido original
7579209758679321878,20251202,burgerking_es,https://www.tiktok.com/@burgerking_es/video/7579209758679321878,22900000,7700,268,1130.0,4088,12,0.06,0.06,0.56,0.03,0.02,0.0,text_direct,reveal,Prominent question: '¿Qué Minion eres en Navidad?' followed by visual changes of minion figurines. Text is large and first. The hook shows a question and then the reveal of the minion.,1.0,generic,"Clean, well-lit shots of the figurines against a blurred background. No extreme effects or chaotic editing.",0.7,no,low,Text is present but not overwhelming; only a few words on the screen.,none,none,none,none,0.0,0,0,studio,static,"[""#FFDA33"", ""#FFFFFF"", ""#E4002B""]","[""#E3D9C8"", ""#D2B48C""]",0,none,0,none,promo,1,0,Identificación con personajes Minion en Navidad,0.0,indiferente,Circus Beat Rush
7571853124755803414,20251112,burgerking_es,https://www.tiktok.com/@burgerking_es/video/7571853124755803414,20100000,10600,207,1108.0,1257,12,0.07,0.06,0.65,0.05,0.01,0.01,action,build,The hook starts with the phrase 'Estoy viendo...' which ends with 'Que hay algo que te perturba'. | coerced: text_direct contradicted by evidence,0.0,lifestyle,The video contains an actor speaking to the camera and has studio lighting and high production quality. The composition appears to be a setup for food marketing.,0.9,yes,low,There is a low amount of text in relation to the screen.,both,face,influencer,Brujillo Juan,1.0,0,0,studio,static,"[""#E42024""]","[""#F2E5D5"", ""#B97B66""]",0,none,0,none,promo,0,0,Nuevo Menú Mystery King y predicciones,0.5,indiferente,sonido original
7545782143985732886,20250903,burgerking_es,https://www.tiktok.com/@burgerking_es/video/7545782143985732886,24700000,12900,549,1316.0,1871,15,0.07,0.07,0.65,0.05,0.01,0.01,text_direct,flat,"The text ""Cuando también quieres tener visiones:"" is visible across all frames. No strong visual or action.",1.0,generic,"The scene is a typical outdoor scene at night, with a Burger King sign visible in the background.",0.9,yes,low,There's only a small amount of text.,none,body,none,none,0.0,0,0,studio,static,"[""#FFFFFF"", ""#000000"", ""#DA291C""]","[""#0D2637"", ""#3E587A"", ""#2F4C66""]",0,none,0,none,promo,0,0,Promoción del menú de los miércoles,0.3,indiferente,sonido original
7577059983003585814,20251126,burgerking_es,https://www.tiktok.com/@burgerking_es/video/7577059983003585814,926600,563,32,51.0,44,7,0.07,0.07,0.71,0.06,0.0,0.01,text_contextual,punch,Text 'TikTok Awards' visible with Burger King logo. Crown appears in frame 2.,1.0,generic,Clean and simple presentation with neutral background.,0.8,no,low,Small amount of text.,none,none,none,none,0.0,0,0,studio,static,"[""#F7941D"", ""#DA291C"", ""#FFFFFF""]","[""#FFFFFF"", ""#D1C6B6""]",0,none,1,none,promo,0,0,Promoción de tiempo limitado Sonic,0.4,indiferente,sonido original
7564741854839704854,20251024,burgerking_es,https://www.tiktok.com/@burgerking_es/video/7564741854839704854,1300000,822,33,55.0,53,14,0.07,0.07,0.72,0.06,0.0,0.0,text_contextual,flat,The first frame shows a Burger King bag and a worker. The next two frames show the worker with text 'Aquí tienes tu pedido'.,1.0,authentic,The camera shake is visible.,0.9,no,medium,There is text in the second and third frames.,female,face,employee,none,0.0,0,0,false_ugc,static,"[""#F7941D""]","[""#F2E3D3"", ""#FFFFFF"", ""#696762""]",0,none,0,none,branding,1,0,Promoción Duo Bacon para compartir,0.0,indiferente,sonido original
7559533872313060630,20251010,burgerking_es,https://www.tiktok.com/@burgerking_es/video/7559533872313060630,56800000,34800,1122,3470.0,4724,6,0.08,0.08,0.76,0.06,0.01,0.01,text_direct,flat,"Visible text on the screen says ""Que vuelva la gran whiskey bbq porfa"".",1.0,sensory,Handheld footage. Real person comments on the video.,0.9,no,low,Little text visible,none,none,none,none,0.0,0,0,studio,static,[],"[""#800020"", ""#A0522D"", ""#FFFFFF""]",0,none,0,none,promo,1,0,Regreso de la Grand Whiskey BBQ,-0.3,indiferente,Boogie Sidewalk
7568860963974270211,20251104,burgerking_es,https://www.tiktok.com/@burgerking_es/video/7568860963974270211,19400000,11400,223,1184.0,2458,8,0.08,0.08,0.78,0.06,0.01,0.01,text_contextual,flat,"The initial frames display the text ""King Fusion DUBAIaholic"" alongside the product. The pace appears steady without a significant change in the visual content.",0.8,lifestyle,"The video features a person eating the product in what appears to be a studio setting, imitating a real-life casual eating scenario.",0.7,no,medium,There is a moderate amount of text present in the frames.,female,face,generic,none,0.0,0,0,false_ugc,static,"[""#D72325"", ""#FFFFFF""]","[""#E39041"", ""#FFFFFF""]",0,none,0,none,product_launch,1,0,Adicción al pistacho y al chocolate,0.7,indiferente,sonido original
7543598406761991446,20250828,burgerking_es,https://www.tiktok.com/@burgerking_es/video/7543598406761991446,5000000,3073,138,295.0,1119,21,0.09,0.09,0.9,0.06,0.02,0.01,visual,reveal,Frames 0.2 / 0.8 / 1.4 show abstract geometric shapes that resolve into a drink cup with a Burger King logo in frame 4.,1.0,generic,The video does not fit into any specific aesthetic style.,0.5,no,low,No text is visible in the first three frames.,none,none,none,none,0.0,0,0,studio,static,"[""#E46413""]","[""#25356C""]",0,none,0,none,branding,0,0,Burger King: Misterio temático de Halloween,0.0,indiferente,sonido original
7548110911416847638,20250909,burgerking_es,https://www.tiktok.com/@burgerking_es/video/7548110911416847638,2200000,1822,50,110.0,101,16,0.09,0.09,0.92,0.08,0.0,0.0,text_direct,flat,"The prominent text ""Tu amiga cuando no tiene hambre:"" is visible across the top of the frame. It's a situational statement. The composition and pacing are flat, lacking a clear build-up or resolution within the initial frames.",1.0,lifestyle,"The video appears to be a commercial-style presentation, with attractive actors and staged interaction. Lighting appears controlled.",0.7,yes,low,Text is present but not overwhelming.,female,face,none,none,0.0,0,0,false_ugc,static,[],"[""#E8E0D6"", ""#899CA0"", ""#A77043""]",0,none,0,none,branding,1,0,Antojo de Whopper,0.4,indiferente,sonido original
7575557608967523587,20251122,burgerking_es,https://www.tiktok.com/@burgerking_es/video/7575557608967523587,9700000,8090,148,755.0,786,16,0.1,0.1,0.99,0.08,0.01,0.01,text_contextual,flat,Text 'Mystery King' is visible on the box. A woman is opening the Burger King Box,1.0,generic,"The frame shows a person opening a box, which is not particularly distinctive or fitting into other specific aesthetic categories.",0.5,yes,low,Text is visible on the box,female,face,influencer,Brujillo Juan,1.0,0,0,studio,static,"[""#e62321"", ""#f2c000""]","[""#f2e4d9"", ""#a3a3a3""]",0,none,0,none,promo,1,0,Menú Mystery King con Brujillo Juan,0.5,indiferente,original sound
7580785768902233366,20251206,burgerking_es,https://www.tiktok.com/@burgerking_es/video/7580785768902233366,1600000,1762,77,191.0,105,10,0.13,0.13,1.29,0.11,0.01,0.01,text_direct,punch,"Text reads 'Haz una pregunta, para el reel y descubre tu respuesta.' The card with an illustration of La Torre is in the center.",1.0,chaotic,The images are cartoonish and have a chaotic feel.,0.7,yes,high,Several lines of text are displayed.,none,none,none,none,0.0,0,0,studio,static,[],"[""#800000"", ""#FFC83D""]",0,none,0,none,promo,0,0,Promoción Mystery King by Brujillo Juan,0.3,indiferente,original sound
7553670720870501654,20250924,burgerking_es,https://www.tiktok.com/@burgerking_es/video/7553670720870501654,2600000,3417,74,140.0,235,5,0.15,0.15,1.46,0.13,0.01,0.01,text_direct,punch,"The text ""Oh noooooOo se viene tiempo de manta, peli y burger"" is visible and large. The Burger King logo is also prominently visible.",1.0,lifestyle,"The video feels like a casual vlog, but the quality is high and the composition is well-framed. The aesthetic presents a pleasant, comfortable experience related to food.",0.8,no,medium,Text is present and readable.,female,face,generic,none,0.0,0,0,false_ugc,handheld,"[""#f26923"", ""#000000""]","[""#f2f2f2"", ""#979797""]",0,none,0,none,branding,1,0,Actitud despreocupada,0.1,indiferente,Sleepmode
7582939782821580054,20251212,burgerking_es,https://www.tiktok.com/@burgerking_es/video/7582939782821580054,6041,62,7,6.0,10,10,1.41,1.29,12.91,01.03,0.17,0.1,text_contextual,flat,"The text ""Poniendo a punto el King Fusion Dubai"" is visible. A hand holds a cup of ice cream underneath a machine.",1.0,lifestyle,"The video showcases the preparation of a food product (King Fusion Dubai) in a clean and well-lit environment, which is typical of lifestyle content.",0.8,no,low,Text at the bottom of the screen.,none,hands,none,none,0.0,0,0,false_ugc,static,"[""#DA291C"", ""#FFFFFF""]","[""#D9D9D9""]",0,none,0,none,product_launch,1,0,Producto de pistacho con chocolate,0.5,indiferente,sonido original
7543993859412430102,20250829,burgerking_es,https://www.tiktok.com/@burgerking_es/video/7543993859412430102,8158,102,13,7.0,2,14,1.52,1.36,13.61,1.25,0.02,0.09,text_direct,flat,"Texto visible: ""Si lo piensas muy fuerte aparece"".",1.0,lifestyle,"Well-lit environment, attractive person, clean clothing, food is visible in the last frame.",0.7,yes,low,Texto en la parte inferior.,female,body,generic,none,0.0,0,0,false_ugc,static,"[""#FFFFFF"", ""#D3242F""]","[""#FFFFFF"", ""#C0C0C0""]",0,none,0,none,branding,0,0,Deseos para las tardes de verano,0.3,indiferente,sonido original
7566930922411412758,20251030,burgerking_es,https://www.tiktok.com/@burgerking_es/video/7566930922411412758,6072,89,6,5.0,1,23,1.66,1.56,15.65,1.47,0.02,0.08,text_direct,flat,"The text says ""Mándaselo a tus amigos para que la cena temática de Halloween salga del chat"". The video shows a person in a costume.",1.0,lifestyle,The video shows people in halloween costumes in a mcdonalds restaurant. the video seems like a commercial ad,0.8,yes,medium,Text is centered on the bottom half of the frame.,both,body,generic,none,0.0,0,0,false_ugc,static,[],"[""#F0E6D2"", ""#54504A"", ""#FFFFFF""]",0,none,0,none,branding,0,0,Promoción Pump-King para reunión de amigos,0.3,indiferente,Fall October Halloween horror classic(177261)
7581878086333975811,20251209,burgerking_es,https://www.tiktok.com/@burgerking_es/video/7581878086333975811,6513,91,11,9.0,9,12,1.84,1.67,16.74,1.4,0.14,0.14,action,flat,A person is holding and about to eat a burger. No text is visible. The shot remains consistent in the initial frames.,1.0,lifestyle,"The video features an attractive actor in a well-lit setting with a burger, creating a lifestyle commercial aesthetic.",0.9,no,low,"A few words appear on the cup, but no other significant text density.",both,face,generic,none,0.0,0,0,false_ugc,static,"[""#FF9800"", ""#FFFFFF"", ""#E62E00""]","[""#FFB347"", ""#FFFFFF""]",0,none,0,none,branding,1,0,Promoción Grand Whiskey BBQ y patatas,0.5,indiferente,Favorite Hello
7543228398794067222,20250827,burgerking_es,https://www.tiktok.com/@burgerking_es/video/7543228398794067222,9502,153,18,19.0,10,8,2.1,1.92,19.15,1.61,0.11,0.2,action,flat,The video shows the process of assembling a burger. The actions include adding ingredients. There's no clear build-up or resolution within the first 1.5 seconds.,0.9,sensory,"The video focuses on the detailed assembly of a burger with clear visibility of textures and ingredients. The focus is solely on the product, not people.",0.7,no,low,There is no visible text.,none,hands,none,none,0.0,0,0,studio,static,[],"[""#FFFFFF"", ""#D9D9D9""]",0,none,0,none,branding,1,0,Whopper de Naruto modo ninja,0.7,entusiasta,sonido original
7547290181989125398,20250907,burgerking_es,https://www.tiktok.com/@burgerking_es/video/7547290181989125398,8655,142,13,11.0,15,13,02.09,1.94,19.41,1.64,0.17,0.13,text_direct,flat,"Text ""No, en serio, ¿quien ha dicho eso? 👀"" in the top center of the frame. The woman looks to her right.",1.0,generic,"The frame shows a woman looking to the side, with a clean background and neutral expression.",0.7,no,low,Few words on the screen.,female,face,generic,none,0.0,0,0,false_ugc,static,[],"[""#D3B989"", ""#1A7545""]",0,none,0,none,branding,0,0,Pregunta sobre una declaración desconocida,0.0,indiferente,original sound
7583716924207484182,20251214,burgerking_es,https://www.tiktok.com/@burgerking_es/video/7583716924207484182,7808,138,12,9.0,8,12,2.14,1.99,19.85,1.77,0.1,0.12,action,flat,Hand moving toward a ball of yarn on a tile floor. The action is grasping the yarn. No clear build-up or punch.,0.8,generic,Simple shot of hands interacting with yarn. No stylistic elements that stand out.,0.7,no,low,No visible text in the first 1.5 seconds.,male,hands,none,none,0.0,0,0,ugc,handheld,[],"[""#FAF0E6"", ""#D3D3D3""]",0,none,0,none,branding,1,0,Humor sobre limpieza inusual/abuela,0.0,indiferente,original sound
7573280036669721878,20251116,burgerking_es,https://www.tiktok.com/@burgerking_es/video/7573280036669721878,13100000,23800,249,1630.0,2859,18,0.22,0.22,2.16,0.18,0.02,0.01,text_direct,flat,"Text: ""Las cartas dicen que la justicia decidirá el destino"". Man dressed in a green and gold robe holding cards.",1.0,generic,"Absurd costume, bizarre humor.",0.8,yes,medium,Text overlayed on the bottom of the frame.,male,body,influencer,Brujillo Juan,1.0,0,0,studio,static,"[""#FF6600"", ""#FFFFFF"", ""#000000""]","[""#FFFFFF"", ""#808080""]",0,none,0,none,promo,1,0,Nuevo Menú Mystery King by Brujillo Juan,0.0,indiferente,original sound
7591090502599068961,20260103,burgerking_es,https://www.tiktok.com/@burgerking_es/video/7591090502599068961,3382,63,22,4.0,4,13,2.75,2.1,20.99,1.86,0.12,0.12,text_direct,punch,Text 'Si encuentras a los 6 Minions escondidos...' over decorated tree.,1.0,generic,Decorated Christmas tree with a question,0.6,no,medium,Text overlayed on the frame,none,none,none,none,0.0,0,0,studio,static,[],"[""#F5F5DC"", ""#228B22""]",0,none,0,none,promo,0,0,Sorteo tazas Minions al esconderlos,0.5,indiferente,sonido original
7548792197819272470,20250911,burgerking_es,https://www.tiktok.com/@burgerking_es/video/7548792197819272470,12000,216,45,21.0,24,17,2.55,2.17,21.75,1.8,0.2,0.18,text_direct,flat,"Texto grande que dice: ""Pides el nuevo Menú Miércoles:"". Tres personas en fila, una de ellas mirando su celular.",1.0,lifestyle,"Looks like a commercial, with people.",0.8,no,medium,Texto en el centro de la imagen.,female,body,none,none,0.0,0,0,false_ugc,static,[],"[""#587198"", ""#2E3B50""]",0,none,0,none,promo,0,0,Miércoles menú Burger King,0.3,indiferente,sonido original
7572554874349653270,20251114,burgerking_es,https://www.tiktok.com/@burgerking_es/video/7572554874349653270,9635,207,18,20.0,16,14,2.71,2.52,25.22,2.15,0.17,0.21,text_direct,flat,"The text says ""En todo grupo está..."" in big black font. The pace is flat.",1.0,chaotic,A tarot card game of some kind appears to be present.,0.8,yes,low,Few words,male,body,generic,none,0.0,0,0,false_ugc,static,[],"[""#D4B588"", ""#876C43"", ""#D34522""]",0,none,1,Menú Mystery Kingby Brujillo Juan,promo,0,0,Nuevo Menú Mystery Kingby Brujillo Juan,0.0,indiferente,sonido original
7563661022817570070,20251021,burgerking_es,https://www.tiktok.com/@burgerking_es/video/7563661022817570070,21700000,45300,743,5730.0,19300,5,0.33,0.32,3.24,0.21,0.09,0.03,text_contextual,flat,Visible product with coca cola and star wars branding. No clear hook rhythm.,1.0,generic,Bottle shown in controlled lighting,0.7,no,low,minimal text,none,hands,none,none,0.0,0,0,studio,static,"[""#ff0000"", ""#000000""]","[""#ff6666"", ""#eedfcf""]",0,none,0,none,promo,1,0,Promoción Star Wars Burger King Coca-Cola,0.3,indiferente,sonido original
7571182497757711638,20251110,burgerking_es,https://www.tiktok.com/@burgerking_es/video/7571182497757711638,45700000,124000,1168,11000.0,31600,64,0.37,0.36,3.65,0.27,0.07,0.02,visual,flat,Close-up of a man with an elaborate mustache and a burger decoration on his turban. Camera static.,1.0,generic,The frame doesn't clearly fit in any other category.,0.5,no,low,No text visible,male,face,generic,none,0.0,0,0,studio,static,[],"[""#808000"", ""#006400"", ""#8B0000""]",0,none,1,IlloJuan,promo,0,0,IlloJuan Mystery King menú con cartas,0.0,indiferente,original sound
7593025556568902934,20260108,burgerking_es,https://www.tiktok.com/@burgerking_es/video/7593025556568902934,2952,85,20,4.0,12,13,4.1,3.42,34.21,2.88,0.41,0.14,text_direct,reveal,"The text ""Cuando el menú te lo pone tu abuela"" appears over a plate with a crocheted doily. A burger is revealed later.",1.0,lifestyle,"The video has a lifestyle aesthetic due to the styling, subject matter and presentation. The editing is smooth and the lighting is well-balanced, suggesting a professionally produced commercial.",0.9,yes,low,"Few words on screen, clearly visible",male,body,generic,none,0.0,0,0,false_ugc,static,[],"[""#808080"", ""#F5F5DC""]",0,none,0,none,promo,0,0,Comida abundante,0.0,indiferente,Food
7545487186829856022,20250902,burgerking_es,https://www.tiktok.com/@burgerking_es/video/7545487186829856022,17100,434,24,34.0,136,15,3.67,3.53,35.32,2.54,0.8,0.2,text_direct,flat,"The first frame shows a phone screen with Google Maps. Text on screen says, ""Si no encajas en ningún sitio...""",1.0,generic,A phone screen is displayed with the Google Maps application running. The map has a pale blue overlay.,0.5,no,medium,Text covers part of the screen,none,none,none,none,0.0,0,0,studio,static,[],"[""#D7D3F0"", ""#A4C2F2"", ""#C2C5F5""]",0,none,0,none,branding,0,0,Burger King temático de Wednesday,0.7,entusiasta,sonido original
7580044388315712790,20251204,burgerking_es,https://www.tiktok.com/@burgerking_es/video/7580044388315712790,9442,346,24,20.0,4,52,4.17,3.92,39.19,3.66,0.04,0.21,text_direct,punch,"Large text says ""Metiéndome en problemas en los TikTok Awards"" over Burger King themed decoration.",1.0,chaotic,"The video features shaky camera movement, bright lights, and the subject appears to be in a public, potentially crowded environment. The text suggests some level of 'trouble,' implying a playful or rebellious attitude.",0.9,yes,high,Text takes up a large portion of the frame,male,body,generic,none,0.0,0,0,false_ugc,handheld,"[""#FF9900"", ""#E62327""]","[""#A37854"", ""#FFFFFF"", ""#111111""]",0,none,0,none,branding,0,0,Pablo Meixe en los TikTok Awards,0.6,entusiasta,sonido original
7545960566993554710,20250903,burgerking_es,https://www.tiktok.com/@burgerking_es/video/7545960566993554710,13000,400,31,53.0,79,47,4.33,04.09,40.92,03.08,0.61,0.41,text_contextual,flat,"Large text says 'Miércoles' in purple lighting with Netflix logo above. Flat angle, text remains static.",1.0,generic,Simple title display of a show name with its parent company logo.,0.5,no,high,Prominent display of the title 'Miércoles' and the Netflix logo.,none,body,none,none,0.0,0,0,studio,static,"[""#FFFFFF""]","[""#310059""]",0,none,0,none,promo,0,0,Promoción menú Miércoles Burger King,0.2,indiferente,"Mystic, cinematic, ambien"
7569641444634365206,20251106,burgerking_es,https://www.tiktok.com/@burgerking_es/video/7569641444634365206,1600000,9032,287,305.0,262,16,0.62,0.6,6.0,0.56,0.02,0.02,text_direct,punch,Large text asks '¿Eres capaz de atraparlos a todos?' displayed at the top of the frame. A Sonic toy is in the center of the frame.,1.0,lifestyle,"The video uses clean shots with clear focus on the product (Sonic toy) and incorporates elements that suggest a promotional or commercial setting. The lighting is well-balanced and the framing is intentional, indicating studio-level production values. ",0.75,no,high,"The phrase is very prominent, occupying the top part of the frame.",none,none,none,none,0.0,0,0,studio,zoom_transition,"[""#004395"", ""#FFD900"", ""#F02838""]","[""#B19D8A"", ""#79A378""]",0,none,1,Menciones directas a personajes de marca por nombre,promo,1,0,Nuevas figuras de Sonic en King Jr.,0.0,indiferente,Sonic Sprint
7570729118279437590,20251109,burgerking_es,https://www.tiktok.com/@burgerking_es/video/7570729118279437590,319400,15300,313,745.0,3396,11,6.18,06.09,60.87,4.79,01.06,0.23,text_direct,punch,"Texto grande ""Oye, se ha filtrado lo del nuevo menú de Burger King"" desde el primer frame.",1.0,authentic,"filmed in a real kitchen, imperfect lighting",0.7,no,medium,Texto visible ocupa parte inferior del cuadro.,male,body,none,none,0.0,0,0,false_ugc,static,"[""#FF7800""]","[""#FFFFFF"", ""#E0DED7""]",0,none,0,none,product_launch,0,0,Influencer tramando algo no relacionado al trabajo,0.0,indiferente,original sound
7544802772789726466,20250831,burgerking_es,https://www.tiktok.com/@burgerking_es/video/7544802772789726466,66200,3271,104,293.0,963,37,7.0,6.84,68.38,4.94,1.45,0.44,visual,build,Close up of ornate metal object in dark lighting. It appears to be building towards something in the video.,0.7,generic,"Dark lighting, ornate metal object, creates a mysterious atmosphere, not fitting into the other categories.",0.8,no,low,No significant text is visible.,none,none,none,none,0.0,0,0,studio,static,[],"[""#000000"", ""#2E3648"", ""#B98061""]",0,none,0,none,branding,0,0,Evento Burger King Gran Vía Madrid,0.5,indiferente,original sound
7578483462663834902,20251130,burgerking_es,https://www.tiktok.com/@burgerking_es/video/7578483462663834902,6200000,41700,403,2860.0,4136,14,0.79,0.79,7.85,0.67,0.07,0.05,text_direct,build,"The text ""illoJuan, ¿qué te ha pasado?"" appears in the first 1.5s. The man holding the tray and the question asked builds anticipation. ",0.9,lifestyle,"The scene is set in a modern fast food restaurant. The man with the turban seems scripted, and the camera quality is high.",0.8,yes,low,Little text visible in the frames.,both,body,influencer,Brujillo Juan,0.7,0,0,false_ugc,static,"[""#E2001A"", ""#F26722""]","[""#F2E9D9"", ""#C0BAB1""]",0,none,0,none,promo,1,0,Menú Mystery King por Brujillo Juan,0.5,indiferente,original sound
7573715441160441110,20251117,burgerking_es,https://www.tiktok.com/@burgerking_es/video/7573715441160441110,63900,4249,48,233.0,205,18,7.41,7.33,73.35,6.65,0.32,0.36,text_contextual,flat,The text 'Unboxing de mi Menú Mystery King:' is visible. The frames are mostly static.,1.0,lifestyle,"The video features a person unboxing a product in a staged environment, resembling a typical commercial format.",0.8,no,low,Small amount of text on screen,male,face,influencer,Brujillo Juan,1,0,0,false_ugc,static,"[""#d32129"", ""#fbb03b"", ""#ffffff""]","[""#f2f2f2"", ""#73726e"", ""#ffffff""]",1,King crown,0,none,product_launch,1,0,Nueva hamburguesa sorpresa con IlloJuan,0.5,indiferente,Home Cooking
7569962758981029142,20251107,burgerking_es,https://www.tiktok.com/@burgerking_es/video/7569962758981029142,5494,42,4,6.0,6,7,01.06,0.98,9.83,0.76,0.11,0.11,text_direct,flat,"Text: ""Molar es que con King ahorro tienes..."" shown over a burger, fries, and a drink.",1.0,lifestyle,"Typical fast food commercial, well-lit, food styling.",0.8,no,low,"Single line of text, not very dense.",female,hands,none,none,0.0,0,0,false_ugc,static,"[""#FF7000""]","[""#F2D3B0"", ""#D96326"", ""#FFFFFF""]",0,none,0,none,promo,1,0,Promoción menú King Ahorro 3.50€,0.5,indiferente,sonido original - Burger King España
7450458247535856928,20241220,kfc_es,https://www.tiktok.com/@kfc_es/video/7450458247535856928,1600000,24200,533,1225.0,185,15,1.63,1.6,16.01,1.51,0.01,0.08,action,flat,No prominent text or action in the first 1.5 seconds. The speaker is in the frame.,0.0,generic,The scene shows a person talking; the lighting and framing are standard.,0.8,no,low,No visible text in the frames provided.,female,face,influencer,Ibai,0.0,0,0,ugc,static,[],"[""#000000"", ""#0B0707""]",0,none,0,none,branding,0,0,Isabel gana dinero en juego del calamar,0.0,indiferente,sonido original
7520255113282211094,20250626,kfc_es,https://www.tiktok.com/@kfc_es/video/7520255113282211094,126700,2467,76,196.0,416,14,2.49,2.43,24.3,1.95,0.33,0.15,text_direct,punch,"The word ""ojito"" is visible within the first 1.5 seconds. It's on a yellow emoji over a background with two amber-colored lights and small colorful particles.",1.0,chaotic,"absurd combination of emojis, siren lights and colourful particles",0.9,yes,low,"single word, large font",none,none,none,none,0.0,0,0,lo-fi,static,[],"[""#000000"", ""#b3c8e6""]",0,none,0,none,promo,0,0,Promociones diarias durante el verano,0.3,indiferente,sonido original
7499074299219823894,20250430,kfc_es,https://www.tiktok.com/@kfc_es/video/7499074299219823894,1600000,37100,727,4486.0,8062,15,3.15,3.1,31.03,2.32,0.5,0.28,visual,reveal,"A red package with cartoon Colonel Sanders and the words ""FRESQUITO DIP & LICK KFC"" appears next to a fried chicken leg in a starry background. Package moves closer to chicken leg.",1.0,chaotic,Absurd juxtaposition of fried chicken leg and cartoon character in space.,0.9,yes,medium,Package has considerable text.,male,face,brand_character,Coronel,0.0,0,0,studio,zoom_transition,"[""#F20707"", ""#F2DD14"", ""#FFFFFF""]","[""#000000""]",1,Colonel Sanders depicted on packaging,0,none,product_launch,1,0,El fresquito de KFC,0.0,indiferente,sonido original
7527695702143552790,20250716,kfc_es,https://www.tiktok.com/@kfc_es/video/7527695702143552790,234500,2554,111,206.0,66,51,1.25,1.21,12.05,01.09,0.03,0.09,visual,punch,"The frame shows a man wearing a red KFC polo shirt, above a pixelated video game with KFC branding and elements like a burger with wings. ",0.9,chaotic,"The combination of a real person, pixelated video game, and potential for absurd humor gives a chaotic vibe.",0.8,yes,low,Small KFC text in the game,male,face,none,none,0.0,0,0,studio,static,"[""#da291c"", ""#ffffff""]","[""#87ceeb"", ""#ffffff""]",0,none,0,none,branding,0,0,Celebrar y valorar los cumpleaños,0.5,entusiasta,sonido original
7576734078221798678,20251125,kfc_es,https://www.tiktok.com/@kfc_es/video/7576734078221798678,91700,2294,112,275.0,280,26,3.23,3.11,31.07,2.5,0.31,0.3,action,punch,Man standing on a KFC-branded car with arms raised. First frame shows him already on the car.,0.9,chaotic,"Unrealistic setting with person standing on a KFC-themed car, overall absurd presentation.",0.8,yes,low,Word 'no' visible briefly in frame 3.,male,body,brand_character,eduardo,0.7,0,0,lo-fi,static,"[""#F37721"", ""#FFFFFF"", ""#DA291C""]","[""#73B2DD"", ""#D6D7D8""]",1,eduardo,0,none,branding,1,0,Evento con Karchez el 28,0.0,indiferente,sonido original
7538395114402549014,20250814,kfc_es,https://www.tiktok.com/@kfc_es/video/7538395114402549014,210200,17200,200,2753.0,3468,8,11.24,11.14,111.42,8.18,1.65,1.31,text_direct,punch,"The text ""lore"" and ""gameplay"" are shown prominently beside KFC logos.",1.0,chaotic,"the meme format, juxtaposition of old and modern video. The juxtaposition suggests a playful and absurdist combination of elements.",0.7,yes,low,Minimal text: 'lore' and 'gameplay' labels.,male,face,brand_character,Coronel,0.0,0,0,lo-fi,static,"[""#FFFFFF"", ""#DA291C"", ""#000000""]","[""#FFFFFF"", ""#000000""]",1,Coronel Sanders logo is visible,0,none,branding,1,0,Búsqueda de compañeros para gameplay,0.5,indiferente,sonido original
7571931743989550358,20251112,kfc_es,https://www.tiktok.com/@kfc_es/video/7571931743989550358,151300,11700,254,994.0,4430,13,11.49,11.32,113.18,7.73,2.93,0.66,text_direct,reveal,"Frame 1 shows 'te doy' in white on the right. Frame 2 shows the products (Pepsi, fried chicken) and text 'Tu me das: Yo te doy:'",0.9,chaotic,"The video employs an absurd 'give and take' scenario, presenting items for trade in a comedic way.",0.7,yes,low,Sparse text on screen.,none,none,none,none,0.0,0,0,lo-fi,static,"[""#00439c"", ""#e20030"", ""#ffffff""]","[""#ffffff""]",0,none,0,none,promo,1,0,Trato justo,0.5,indiferente,sonido original
7420823527961496864,20241001,kfc_es,https://www.tiktok.com/@kfc_es/video/7420823527961496864,140200,1678,51,132.0,57,53,1.37,1.33,13.32,1.2,0.04,0.09,text_contextual,punch,"The first frame shows a clapperboard with the text ""KFC x Jumpers"". The hook is punch because the text is visible immediately.",1.0,generic,"The scene is well-lit, and the focus is on the clapperboard. The style does not fit the other categories.",0.8,no,medium,Text is present on the clapperboard in the first frame.,male,hands,brand_character,bucket head,0.0,0,0,studio,static,"[""#FFFFFF"", ""#000000""]","[""#000000""]",1,bucket head,0,none,branding,0,0,Cumpliendo el sueño de un chaval,0.6,entusiasta,sonido original
7543165296446622998,20250827,kfc_es,https://www.tiktok.com/@kfc_es/video/7543165296446622998,328200,33400,534,4416.0,6358,11,13.62,13.46,134.59,10.18,1.94,1.35,visual,flat,The image is split into quadrants. The lower left quadrant contains a red KFC-branded watch. The other quadrants contain other watches and people. There is no text visible.,1.0,chaotic,"Split screen, contrasting images, bizarre juxtaposition of a luxury watch with a KFC branded watch.",0.9,yes,low,No prominent text is visible.,male,face,none,none,0.0,0,0,lo-fi,static,"[""#F00832""]",[],1,KFC watch with Coronel Sanders' image,0,none,branding,1,0,Despedida,0.0,indiferente,sonido original
7446752027826195744,20241210,kfc_es,https://www.tiktok.com/@kfc_es/video/7446752027826195744,3400000,42000,1111,4137.0,4403,22,1.52,1.49,14.86,1.24,0.13,0.12,text_direct,punch,Frame 2 shows the question 'NECESITAS PASTA?' in orange text. The phrase is visible immediately.,1.0,chaotic,"Absurd imagery, meme-style composition with animals in costumes in a 'Squid Game' parody setting.",0.9,yes,low,The text 'NECESITAS PASTA?' is present but the image shows a large open space and other figures.,none,face,influencer,Ibai,0.0,0,1,lo-fi,static,[],"[""#B0E0E6"", ""#D3D3D3"", ""#FFFFFF""]",1,Coronel Sanders,0,none,promo,0,0,Referencia Squid Game para ganar dinero,0.5,indiferente,sonido original
7504326148583689494,20250514,kfc_es,https://www.tiktok.com/@kfc_es/video/7504326148583689494,627600,69600,551,5033.0,32600,68,17.17,17.09,170.86,11.09,5.19,0.8,text_direct,reveal,"Text changes in each frame, resolving with the text ""Há boas razões"". A chicken is in the foreground and the KFC building is in the background.",1.0,chaotic,"The presence of a chicken outside KFC, with text overlay, suggests absurd humor.",0.7,yes,medium,Text covering a part of the screen.,none,none,none,none,0.0,0,1,lo-fi,static,"[""#FFFFFF"", ""#DA291C""]","[""#808080"", ""#C0C0C0""]",0,none,0,none,branding,0,0,Reflexión,0.0,indiferente,som original
7567362011064061206,20251031,kfc_es,https://www.tiktok.com/@kfc_es/video/7567362011064061206,887800,109100,1297,19000.0,26500,16,17.56,17.41,174.14,12.29,2.98,2.14,text_direct,punch,"Text on screen reads ""lo que ve mi comida cuando la caliento en el microondas a las 3 am:"". All the text is visible in the first frame.",1.0,chaotic,Absurd combination of food and the added face to the fried chicken. The composition resembles a meme.,0.9,yes,low,The text is visible on the upper part of the screen.,none,none,none,none,0.0,0,0,lo-fi,static,"[""#FFFFFF"", ""#E4002B""]","[""#F2E5ED"", ""#FFFFFF""]",0,none,0,none,branding,1,0,Joker va a ponerse dientes,0.0,indiferente,sonido original
7515027054811876631,20250612,kfc_es,https://www.tiktok.com/@kfc_es/video/7515027054811876631,6000000,920200,3417,64000.0,148100,36,18.93,18.87,188.72,15.34,2.47,01.07,text_contextual,flat,Text 'DON POLLO' is visible in a red and white sign; three people are standing in a row; no clear action.,1.0,lifestyle,"Three people are posing in front of a KFC, which gives a TV commercial/lifestyle impression.",0.8,no,medium,Multiple signs and text visible in the background.,male,body,influencer,Don Pollo/Kappha,0.7,0,0,studio,static,"[""#FFFFFF"", ""#DA291C"", ""#000000""]","[""#FFFFFF"", ""#D3D3D3""]",1,Coronel Sanders in the middle,0,none,branding,1,0,Quedada centro Valencia,0.7,entusiasta,sonido original
7425623869924347168,20241014,kfc_es,https://www.tiktok.com/@kfc_es/video/7425623869924347168,2000000,163700,1050,147000.0,82100,8,19.69,19.64,196.4,8.19,4.11,7.35,visual,punch,A cat is hitting a card off of a platform next to a beverage can. | coerced: action needs visible hands/body,0.0,chaotic,"The cat is behaving erratically, hitting an object off the counter.",0.7,yes,low,Little text is visible on the can,none,none,none,none,0.0,0,1,lo-fi,static,[],"[""#A87950"", ""#402819""]",0,none,0,none,branding,1,0,Cuidado con los gatos,0.0,indiferente,original sound
7576625784278846742,20251125,kfc_es,https://www.tiktok.com/@kfc_es/video/7576625784278846742,12400000,25700,423,3871.0,7423,18,0.3,0.3,2.98,0.21,0.06,0.03,action,reveal,Frame 1 shows a blurred car on a racetrack. Frame 3 reveals a small KFC race car.,0.0,chaotic,Absurd juxtaposition of racetrack and fried chicken car.,0.9,yes,low,no text in first 1.5 seconds,none,none,none,none,0.0,0,0,lo-fi,static,"[""#E50019"", ""#000000"", ""#FFFFFF""]","[""#C9C6BD"", ""#56773D"", ""#DEDFDC""]",1,eduardo,1,eduardo,branding,0,0,Llega Eduardo GT,0.0,indiferente,sonido original
7520598978484833558,20250627,kfc_es,https://www.tiktok.com/@kfc_es/video/7520598978484833558,348600,6200,290,433.0,866,31,2.23,2.15,21.51,1.78,0.25,0.12,text_direct,punch,The text 'Podrías ponerle un poco de ketchup al batido?' appears prominently. The text and the act of putting ketchup on the shake are visible in all frames.,1.0,chaotic,Ketchup on a milkshake is absurd.,0.7,yes,low,"Text is visible, but occupies a small portion of the screen.",none,hands,none,none,0.0,0,0,false_ugc,static,"[""#E62129"", ""#FFFFFF"", ""#000000""]","[""#D0D0D0"", ""#F2F2F2"", ""#FFFFFF""]",1,Colonel Sanders on cup,0,none,branding,1,0,Batido de ketchup (nuevo producto),0.0,indiferente,"Suspense, horror, piano and music box"
7515488325294296322,20250613,kfc_es,https://www.tiktok.com/@kfc_es/video/7515488325294296322,2900000,451300,3516,47000.0,124600,18,21.6,21.48,214.79,15.56,4.3,1.62,visual,flat,"A person wearing a crown and cape is looking out over a crowded plaza. There is no clear action. The cape is red, and the crown is gold and black.",0.9,chaotic,"Absurd costume in a public space, unusual situation.",0.7,yes,low,No prominent text visible,male,body,influencer,Don Pollo,0.0,0,0,false_ugc,handheld,[],"[""#C2D9DD"", ""#F3F5F6"", ""#A3262C""]",0,none,0,none,branding,0,0,El Rey de España,0.5,indiferente,original sound
7514744276786384150,20250611,kfc_es,https://www.tiktok.com/@kfc_es/video/7514744276786384150,1300000,170200,964,122000.0,7346,60,23.12,23.04,230.42,13.09,0.57,9.38,action,flat,Man is speaking directly to the camera. The view is a close-up of a man's head and shoulders against a wall.,0.9,authentic,Video taken by mobile phone. The person is in a house and the lighting is imperfect.,0.7,no,low,No significant text present.,male,face,influencer,Don Pollo,0.0,0,0,ugc,handheld,[],"[""#F0E6D6"", ""#C0B9AE""]",0,none,0,none,branding,0,0,No comments available,0.0,indiferente,sonido original
7467239375093468438,20250203,kfc_es,https://www.tiktok.com/@kfc_es/video/7467239375093468438,1700000,172200,4497,182000.0,44800,24,23.74,23.47,234.71,10.13,2.64,10.71,text_direct,flat,Text asks a question; puppet figure in background,1.0,chaotic,"puppet, text on screen, odd question",0.9,yes,medium,Text present in the frames.,none,none,none,none,0.0,0,0,lo-fi,static,[],[],0,none,0,none,branding,0,0,Elige sabiamente,0.0,indiferente,original sound
7514282110715219222,20250610,kfc_es,https://www.tiktok.com/@kfc_es/video/7514282110715219222,3000000,321500,2215,348000.0,59500,19,24.37,24.3,243.0,10.72,1.98,11.6,action,punch,"Two men dancing: one in a red suit with gold jewelry and sunglasses, and another dressed in a white suit with a tie. They are in front of a KFC counter with a Don Pollo sign.",0.9,lifestyle,"well lit studio appearance, clean choreography, attractive actors",0.8,yes,medium,Signs in background with brand name and product image,male,body,influencer,Don Pollo,0.7,0,0,false_ugc,static,"[""#FFFFFF"", ""#DA291C""]","[""#F2F2F2"", ""#FFFFFF""]",1,Coronel Sanders,1,Coronel,branding,1,0,Don pollo enseña los prohibidos,0.7,entusiasta,MONTAGEM TOMADA (Super Slowed)
7434613821139881249,20241107,kfc_es,https://www.tiktok.com/@kfc_es/video/7434613821139881249,2500000,172300,4320,284000.0,184400,15,25.8,25.63,256.28,6.89,7.38,11.36,text_direct,flat,"The text ""TEST DEL AMIGO FALSO"" is visible and large, cat is visible",1.0,chaotic,Low quality cat video with meme-style text overlay.,0.7,yes,medium,The text is visible,none,hands,none,none,0.0,0,1,lo-fi,handheld,[],"[""#FFFFFF"", ""#B0E2FF""]",0,none,0,none,branding,0,0,Test del amigo falso con gatos,0.0,indiferente,оригинальный звук
7509900242024779030,20250529,kfc_es,https://www.tiktok.com/@kfc_es/video/7509900242024779030,234300,5133,165,429.0,644,16,2.72,2.65,26.49,2.19,0.27,0.18,text_direct,punch,The text 'Toma bro para que no te acalores' is visible. A hamster holds a fan next to a bucket of KFC.,1.0,chaotic,The content is absurd and humorously bizarre due to the hamster holding a fan.,0.9,yes,low,Small amount of text on the screen.,none,hands,none,none,0.0,0,1,lo-fi,static,"[""#DA291C"", ""#FFFFFF""]","[""#FFFFFF"", ""#F2E3D3""]",0,none,0,none,branding,1,0,Calor extremo,0.3,indiferente,original sound
7457888259708931360,20250109,kfc_es,https://www.tiktok.com/@kfc_es/video/7457888259708931360,9600000,1500000,4125,968000.0,101300,9,26.81,26.76,267.64,15.62,01.06,10.08,text_direct,flat,Visible text 'debi tirar mas' over a man in a white suit.,1.0,chaotic,Standard shot of a character.,0.5,yes,low,Small amount of text on screen.,male,body,brand_character,Coronel,0.0,0,0,studio,static,[],"[""#D8D694"", ""#222222""]",1,Coronel Sanders character in white suit,0,none,branding,0,0,Anhelo por la eternidad de los abuelos,-0.5,indiferente,sonido original
7582954252046191894,20251212,kfc_es,https://www.tiktok.com/@kfc_es/video/7582954252046191894,158600,4065,168,278.0,517,14,3.17,03.06,30.64,2.56,0.33,0.18,visual,reveal,"Close-up of the Colonel Sanders character, then an emoji replaces the Colonel's hair.",0.9,chaotic,The video presents a bizarre and humorous situation of replacing the character's hair with different emojis.,0.7,yes,low,No prominent text is visible in the first 1.5 seconds.,none,face,brand_character,Coronel,0.0,0,0,studio,static,"[""#FFFFFF"", ""#000000""]","[""#386A27""]",1,Colonel Sanders character,0,none,branding,0,0,Solicitud de opiniones,0.0,indiferente,son original
7421504975328628000,20241003,kfc_es,https://www.tiktok.com/@kfc_es/video/7421504975328628000,7300000,94800,2193,122000.0,12600,20,3.17,3.14,31.42,1.3,0.17,1.67,visual,reveal,"First frames display mathematical equations and then show hands reaching each other, followed by a Lightyear brand product.",0.9,generic,No clear aesthetic style; appears to be a mix of math concepts and abstract visual elements.,0.8,no,medium,Visible math equations,none,hands,none,none,0.0,0,0,lo-fi,static,"[""#000000"", ""#FF0000""]","[""#000000""]",0,none,0,none,promo,0,0,Colaboración KFC y Jumpers,0.7,entusiasta,sonido original
7532155245745507606,20250728,kfc_es,https://www.tiktok.com/@kfc_es/video/7532155245745507606,239100,6711,145,676.0,432,11,3.33,3.27,32.7,2.81,0.18,0.28,text_direct,flat,"The text reads ""Después de morir, el cerebro sigue activo durante 6 minutos mostrando tus mejores recuerdos"". The image depicts a head x-ray view. There is no clear resolution or build-up of tension.",1.0,generic,"The video shows a head x-ray with text overlayed. The video has a serious, informative tone.",0.8,no,medium,There is a medium amount of text on the screen.,none,face,none,none,0.0,0,0,studio,static,[],"[""#000000""]",0,none,0,none,branding,0,0,Nostalgia y regreso a la felicidad,0.3,indiferente,uno siempre vuelve a donde fue feliz
7582618871736126742,20251211,kfc_es,https://www.tiktok.com/@kfc_es/video/7582618871736126742,192700,4568,138,527.0,1270,5,3.37,3.3,33.03,2.37,0.66,0.27,visual,flat,A fried chicken piece is in front of a brown structure. There's no text.,1.0,generic,The frame presents a generic visual composition with a chicken piece in front of a building.,0.8,yes,low,No text,none,none,none,none,0.0,0,0,lo-fi,static,[],"[""#D8C18E"", ""#E7D8C5"", ""#837F7C""]",0,none,0,none,branding,1,0,Llamada de atención humorística/atractiva,0.3,indiferente,sonido original
7523191687808634134,20250704,kfc_es,https://www.tiktok.com/@kfc_es/video/7523191687808634134,258200,7503,236,644.0,451,6,3.42,3.33,33.3,2.91,0.17,0.25,text_direct,punch,"Large text says 'Necesidades humanas básicas:', followed by a list, then an image of a KFC bucket; all visible in first frame.",1.0,chaotic,"Absurd claim that KFC is a basic human need, presented in a meme style.",0.8,yes,medium,List of items with KFC bucket image.,none,none,brand_character,Coronel,0.0,0,0,lo-fi,static,"[""#DA291C"", ""#FFFFFF""]","[""#FFFFFF""]",1,Coronel Sanders on KFC bucket,0,none,branding,1,0,Opciones del producto: primero y segundo opcionales,0.0,indiferente,ESTA NOCHE
7437495023786003744,20241115,kfc_es,https://www.tiktok.com/@kfc_es/video/7437495023786003744,3800000,502600,5222,676000.0,140300,13,34.85,34.71,347.08,13.23,3.69,17.79,text_direct,flat,The first 1.5s features the text 'Linganguli guli guli' with emojis.,1.0,chaotic,Absurd text with emojis.,0.9,yes,medium,Single line of large text with emojis.,male,body,brand_character,Coronel,0.0,0,0,lo-fi,static,"[""#FFFFFF""]","[""#A97654"", ""#222222""]",1,Colonel Sanders,0,none,branding,0,0,Linganguli guli guli,0.0,indiferente,original sound
7546213202254695702,20250904,kfc_es,https://www.tiktok.com/@kfc_es/video/7546213202254695702,975600,129200,1189,211000.0,26200,31,37.68,37.56,375.56,13.24,2.69,21.63,text_contextual,flat,"The frame shows a truck with text ""PRE-ESTRENO CINES CALLAO"", and ""DON POLLO KING OF ORIOH"". The truck is driving along a road.",0.8,lifestyle,"The scene is well-lit, and the overall aesthetic resembles a professionally produced commercial.",0.7,no,medium,There is a moderate amount of text visible on the truck.,male,body,influencer,Don Pollo,0.7,0,0,studio,static,"[""#DA291C"", ""#FFFFFF""]","[""#72B2F9"", ""#FFFFFF"", ""#909873""]",0,none,0,none,promo,0,0,Anuncio ubicación camión Don Pollo Madrid,0.5,indiferente,оригинальный звук - ΛstroPlaneet
7407893474319617313,20240827,kfc_es,https://www.tiktok.com/@kfc_es/video/7407893474319617313,343300,11900,325,1170.0,1367,9,4.3,4.21,42.05,3.47,0.4,0.34,text_direct,punch,Texto grande sobre el pollo.,1.0,chaotic,"Texto sobre imágenes de fondo absurdas (delfines, unicornios).",0.8,yes,high,Texto grande y centrado en los frames.,none,none,none,none,0.0,0,1,lo-fi,static,[],"[""#FFFFFF"", ""#87CEEB"", ""#FAF0E6""]",0,none,0,none,branding,0,0,Dolphin symphony meme,0.0,indiferente,original sound
7516879119590771990,20250617,kfc_es,https://www.tiktok.com/@kfc_es/video/7516879119590771990,1800000,54400,686,5746.0,15600,21,4.25,4.21,42.08,03.02,0.87,0.32,visual,punch,The first frames show an absurd animated scene with cartoon characters and a boombox. The animation is immediate and striking.,0.9,chaotic,The video features absurd and bizarre animation with high saturation and meme-style composition.,0.9,yes,low,There is no text visible in the first frames.,none,none,none,none,0.0,0,0,lo-fi,static,[],"[""#B0E2FF"", ""#FFFFFF"", ""#4682B4""]",0,none,0,none,product_launch,0,0,Nuevo helado Licor del Polo Junior,0.0,indiferente,sonido original
7540690379536977174,20250820,kfc_es,https://www.tiktok.com/@kfc_es/video/7540690379536977174,183800,6986,178,708.0,818,13,4.73,4.63,46.31,3.8,0.45,0.39,text_direct,reveal,"The text 'sabían Cristiano' appears and a graphic of a person with a marker pointing to the penis area appears, followed by 'chota'.",1.0,chaotic,"The presentation of the information is absurd and humorous, referencing the penis.",0.7,yes,medium,Text displayed about a person and penis.,male,face,influencer,CR7,0.0,0,0,lo-fi,static,[],"[""#000000""]",0,none,0,none,promo,0,0,KFC promoción gratis con CR7,0.7,entusiasta,sonido original
7561863622733909270,20251016,kfc_es,https://www.tiktok.com/@kfc_es/video/7561863622733909270,184500,6779,227,749.0,1045,22,4.77,4.65,46.47,3.67,0.57,0.41,text_direct,reveal,"The first 1.5 seconds contains the words ""I"", ""like"", ""rock"". There is a bizarre creature made from rocks and dirt.",0.9,chaotic,"absurd creature design, bizarre setting, meme-style",0.8,yes,low,"Few words on screen, spaced apart.",none,none,none,none,0.0,0,0,lo-fi,static,[],"[""#22150A"", ""#765334"", ""#D9A462""]",0,none,0,none,branding,0,0,Persona encuentra roca que le gusta,0.5,indiferente,sonido original
7421199626079882528,20241002,kfc_es,https://www.tiktok.com/@kfc_es/video/7421199626079882528,211900,8855,134,664.0,428,112,4.76,4.69,46.94,4.18,0.2,0.31,visual,reveal,First frames show a man with a KFC bucket on his head. In frame 3 his head is uncovered to reveal a new person.,1.0,chaotic,The unexpected KFC bucket on head and subsequent reveal introduce absurdity.,0.8,yes,low,No prominent text in first 1.5 seconds,male,face,brand_character,KFC Bucket Head,0.0,0,0,studio,static,"[""#ffffff"", ""#e4002b""]","[""#000000""]",1,KFC bucket on head,0,none,branding,0,0,KFC colaboración con Jumpers,0.2,indiferente,sonido original
7564067636854705430,20251022,kfc_es,https://www.tiktok.com/@kfc_es/video/7564067636854705430,211200,8028,310,785.0,1235,14,4.9,4.76,47.58,3.8,0.58,0.37,text_direct,reveal,"The text ""NO TE MUEVAS"" is visible and prominent. The scene shows a chicken being portrayed as an artist, initially creating curiosity, then the text on frame 3-4 ""Te está haciendo un retrato"" makes it 'reveal'.",0.9,chaotic,"Absurd image of chicken with painting tools, combined with KFC store in the background, text is absurd",0.7,yes,medium,Text overlay is present throughout the frames.,none,none,brand_character,Coronel,0.0,0,0,lo-fi,static,"[""#D00F16"", ""#FFFFFF""]","[""#F4E7DF"", ""#A3A9AC""]",1,Colonel Sanders image on KFC building,0,none,branding,0,0,Retrato para el documento de identidad,0.5,indiferente,оригинальный звук - Инвалид в маске
7569251511247605014,20251105,kfc_es,https://www.tiktok.com/@kfc_es/video/7569251511247605014,93000,3576,154,334.0,646,14,05.06,4.9,48.99,3.85,0.69,0.36,visual,punch,Frame 1: floating chicken legs and the Colonel Sanders image in the center. Frame 3: KFC bucket on a heart shape with wings and fire.,1.0,chaotic,"Abstract visuals, floating objects, and meme-style edits.",1.0,yes,low,Text on the bottom of both frames.,none,none,brand_character,Coronel,0.0,0,0,lo-fi,fast_cuts,"[""#FFFFFF"", ""#E62A20""]","[""#000000"", ""#00468B""]",1,Colonel Sanders image is visible. Second frame show the KFC logo with the colonel.,0,none,branding,1,1,Top imágenes impactantes del año 2008,0.7,entusiasta,sonido original
7428998457295146273,20241023,kfc_es,https://www.tiktok.com/@kfc_es/video/7428998457295146273,418500,17500,221,1916.0,1458,7,05.04,4.99,49.88,4.18,0.35,0.46,text_contextual,flat,The hook shows text next to images. The text labels what type of camera or mirror view is displayed. There is no clear rhythm.,1.0,chaotic,Absurd imagery of Colonel Sanders as an emoji and in a mirror reflection mimicking camera views.,0.9,yes,low,sparse text,male,face,brand_character,Coronel,0.0,0,0,lo-fi,static,[],"[""#FFFFFF""]",1,Coronel Sanders,0,none,branding,0,0,Humor sobre la belleza no apreciada,0.3,indiferente,Originalton
7511374334154280214,20250602,kfc_es,https://www.tiktok.com/@kfc_es/video/7511374334154280214,394400,16500,217,1467.0,1782,14,05.06,05.01,50.07,4.18,0.45,0.37,visual,reveal,"The first frame shows two people in formal attire, the second frame shows a raw chicken.",1.0,chaotic,"Abrupt change from people at event to raw chicken, creating a bizarre contrast and humor.",0.9,yes,low,No text is visible in the first 1.5 seconds.,male,face,generic,none,0.0,0,0,lo-fi,zoom_transition,[],"[""#FFFFFF""]",0,none,0,none,branding,0,0,Comida - pollo atractivo,0.3,indiferente,Arab Meme Vedadddy
7486536937076018454,20250327,kfc_es,https://www.tiktok.com/@kfc_es/video/7486536937076018454,479200,19800,420,2194.0,4561,8,5.63,5.54,55.42,4.13,0.95,0.46,visual,punch,The initial frames display a blurred image that quickly resolves into a clear shot of a person dressed as Colonel Sanders. The transition is immediate and eye-catching.,0.9,chaotic,"The rapid transition from blur to clear image, combined with the character and setting, suggests an element of unexpected humor.",0.7,yes,low,No significant text is visible in the initial frames.,male,face,brand_character,Coronel,0.0,0,0,false_ugc,zoom_transition,[],"[""#D1D395"", ""#201918""]",1,Colonel Sanders,0,none,branding,0,0,Humor roto del autor,0.5,indiferente,оригинальный звук
7470590581387922710,20250212,kfc_es,https://www.tiktok.com/@kfc_es/video/7470590581387922710,1000000,44000,617,4061.0,9183,6,5.79,5.72,57.24,4.4,0.92,0.41,visual,reveal,"The first frame shows an empty parking lot, followed by a cat in KFC uniform and holding KFC food, in front of KFC store.",1.0,chaotic,Cat wearing KFC uniform and holding KFC food creates bizarre humor. Deep-fried visual effect,0.9,yes,low,KFC logo is visible.,none,none,none,none,0.0,0,1,lo-fi,static,"[""#BB273A"", ""#F0EDE2"", ""#000000""]","[""#76B3DE"", ""#C0C0C0""]",1,Coronel Sanders logo,0,none,branding,0,0,Simple emoji expression,0.3,indiferente,original sound
7595244727042133270,20260114,kfc_es,https://www.tiktok.com/@kfc_es/video/7595244727042133270,46300,2247,147,211.0,235,7,6.13,5.82,58.16,4.85,0.51,0.46,text_contextual,flat,"The KFC text is large, but only contextual. The shot is static.",1.0,generic,"A replica of KFC in Minecraft. Nothing sensory, chaotic, authentic, didactic, or lifestyle is noticeable.",1.0,no,low,Minimal text on screen.,none,none,none,none,0.0,0,1,studio,static,"[""#FFFFFF"", ""#DA291C""]","[""#87CEEB"", ""#FFFFFF""]",0,none,0,none,branding,0,0,Tierno pollito bebé de un pixel,0.6,entusiasta,sonido original
7441232916539002144,20241125,kfc_es,https://www.tiktok.com/@kfc_es/video/7441232916539002144,6500000,33100,526,2355.0,6230,45,0.65,0.64,6.41,0.51,0.1,0.04,visual,build,"A glowing orange curved line appears against a black background, slowly becoming more visible over the first 1.5 seconds.",0.9,sensory,Close-up of an orange curve. Black background. Minimalist style.,0.7,yes,low,No text is visible in any of the frames.,none,none,brand_character,eduardo,0.0,0,0,studio,static,[],"[""#000000""]",1,eduardo,0,none,branding,0,0,El futuro es Eduardochi,0.4,indiferente,sonido original - KFC España
7472412943397702934,20250217,kfc_es,https://www.tiktok.com/@kfc_es/video/7472412943397702934,980700,45300,1048,4945.0,10000,12,6.25,6.14,61.43,4.62,01.02,0.5,text_direct,flat,"The hook consists of the large text ""Entre cierra los ojos"" with a large burger in the background. The text is prominent from the first frame. No clear rhythm or payoff within the 1.5s.",1.0,generic,The video frame shows a burger with promotional text. No clear aesthetic style is particularly dominant. It does not fit into the other categories.,0.7,yes,low,One phrase is visible over the burger image.,none,none,none,none,0.0,0,0,lo-fi,static,[],"[""#FFFFFF""]",0,none,0,none,branding,1,0,Despertar o reaccionar ante algo,0.0,indiferente,original sound
7591924270331104534,20260105,kfc_es,https://www.tiktok.com/@kfc_es/video/7591924270331104534,94100,4426,198,525.0,918,9,6.45,6.24,62.37,4.7,0.98,0.56,text_direct,punch,"The text ""¿De verdad crees que este texto puede detenerme?"" is visible and large in the frame. The KFC logo is also visible. The chicken is floating in front of a corridor. ",1.0,chaotic,"The text in the video is posing a question, the corridor background is eery, and the chicken is floating.",0.9,yes,medium,The phrase is in large font.,none,none,none,none,0.0,0,0,lo-fi,static,"[""#DA0714"", ""#FFFFFF""]","[""#DAD9B5"", ""#F1F2DE"", ""#191414""]",0,none,0,none,branding,1,0,Hora de la comida,0.0,indiferente,original sound
7487992530861182230,20250331,kfc_es,https://www.tiktok.com/@kfc_es/video/7487992530861182230,1700000,81600,737,6430.0,21400,7,6.48,6.44,64.37,4.8,1.26,0.38,visual,flat,A KFC bucket is in the grass. A bird is visible next to the bucket.,0.9,chaotic,Absurd juxtaposition of KFC bucket and pigeons in a park setting.,0.7,yes,low,No prominent text is visible.,none,none,none,none,0.0,0,1,lo-fi,static,"[""#FFFFFF"", ""#E4002B""]","[""#568259"", ""#906B42""]",0,none,0,none,branding,1,0,Espionaje con palomas,0.3,indiferente,original sound - FC Zenit
7516913148415315222,20250617,kfc_es,https://www.tiktok.com/@kfc_es/video/7516913148415315222,1200000,58500,534,4525.0,20100,7,6.97,6.93,69.27,4.88,1.68,0.38,text_contextual,flat,"The initial frames show a paper cup being filled with ice cream from a machine, with the product name 'LICOR-POLO JUNIOR' visible on the side.",1.0,sensory,"The final frame shows the product with a toothbrush stuck in it, indicating absurd humor.",0.8,yes,medium,Product name and description visible,none,hands,employee,none,0.0,0,0,studio,static,"[""#FFFFFF"", ""#F48FB1"", ""#DE3163""]","[""#FFFFFF"", ""#D3D3D3"", ""#E0E0E0""]",0,none,0,none,product_launch,1,0,Nuevo helado de Licor del Polo,0.5,indiferente,оригинальный звук - ΛstroPlaneet
7526935341501287682,20250714,kfc_es,https://www.tiktok.com/@kfc_es/video/7526935341501287682,218400,13100,140,1060.0,1910,86,7.42,7.36,73.58,6.0,0.87,0.49,text_direct,punch,"The text '!Muy buenas!' is visible in the first 1.5 seconds, man sliding down a yellow tube",0.9,chaotic,"Man in a slide with a wig, the visuals have a silly, absurdist quality.",0.8,yes,low,There is a small amount of text overlayed on the screen.,male,face,influencer,none,0.7,0,0,studio,handheld,"[""#E31B23""]","[""#FFDA61""]",0,none,0,none,branding,0,0,Nuevo juego diario de KFC,0.0,indiferente,sonido original
7436433149640445217,20241112,kfc_es,https://www.tiktok.com/@kfc_es/video/7436433149640445217,1100000,75400,749,9828.0,8341,10,8.57,8.51,85.06,6.85,0.76,0.89,text_direct,flat,Text 'Mapa de todos los fans de KFC' is visible over a map with red dots on it. The text appears at the beginning and remains visible.,1.0,generic,Simple presentation of data on a map with text overlay.,0.9,no,low,Small amount of text relative to the screen size.,none,none,none,none,0.0,0,0,lo-fi,static,"[""#FF0000""]","[""#000000"", ""#4A4A4A""]",0,none,0,none,branding,0,0,Consulta sobre confirmación desde la Antártida,0.0,indiferente,sonido original
7559582699292298518,20251010,kfc_es,https://www.tiktok.com/@kfc_es/video/7559582699292298518,216600,14900,745,1976.0,1683,21,8.91,8.57,85.68,6.88,0.78,0.91,text_direct,punch,"The text ""Si el nuevo disco de Taylor Swift fuese un menú de KFC:"" is visible and grabs attention. The text and imagery appear in the first 1.5 seconds.",1.0,chaotic,Absurd premise relating Taylor Swift to a KFC menu with a cat's face in the background.,1.0,yes,medium,Text fills part of the screen.,none,face,none,none,0.0,0,1,lo-fi,static,"[""#DA291C""]","[""#A57754"", ""#FFFFFF"", ""#000000""]",0,none,0,none,branding,0,0,Nuevo tema musical de Taylor Swift,0.7,entusiasta,sonido original
7491327606432812310,20250409,kfc_es,https://www.tiktok.com/@kfc_es/video/7491327606432812310,1000000,67600,2137,8404.0,10300,171,8.84,8.63,86.3,6.76,01.03,0.84,text_direct,punch,"Text ""Sorry, el meme aún está en construcción"" is visible along with a ""tiempo de espera"" (waiting time).",1.0,chaotic,"Absurd image of toy in a KFC box, meme style composition.",0.9,yes,medium,There are two lines of text at the top and bottom of the frames.,none,none,none,none,0.0,0,0,lo-fi,static,"[""#CE1829"", ""#F4F2EC"", ""#FAD95D""]","[""#FFFFFF""]",0,none,0,none,branding,0,0,Disculpa por molestias causadas,-0.4,indiferente,sonido original
7427101454185418016,20241018,kfc_es,https://www.tiktok.com/@kfc_es/video/7427101454185418016,327200,21000,461,2799.0,6055,9,9.26,9.12,91.24,6.42,1.85,0.86,visual,punch,Cartoon representation of a piece of fried chicken with a human face and a white penguin-like bird with black markings. The background is plain white.,1.0,chaotic,Absurd costumed characters and meme-style composition. Cartoon face on chicken.,0.8,yes,low,The word 'pollo' appears in a speech bubble.,none,face,brand_character,eduardo,0.0,0,1,lo-fi,static,[],"[""#ffffff""]",1,eduardo,0,none,branding,1,0,Humor abstracto/absurdo,0.3,indiferente,sonido original
7556280438684159254,20251001,kfc_es,https://www.tiktok.com/@kfc_es/video/7556280438684159254,601000,45000,237,3305.0,8791,11,9.54,9.5,95.0,7.49,1.46,0.55,text_contextual,flat,"The text 'Monchitosholic' is visible. The rhythm is flat, as the view is consistent throughout the first 1.5 seconds.",1.0,chaotic,"Bright saturated colors, absurd monster cartoon on packaging, meme-style text overlay, strange snack.",0.9,yes,low,"The text density is low, with a simple phrase visible.",none,none,none,none,0.0,0,0,false_ugc,handheld,"[""#FFDA00"", ""#40077B""]","[""#D4AC79"", ""#B32121""]",0,none,0,none,product_launch,1,0,Amor incondicional por los monchitos,0.0,indiferente,original sound
7579267528224951574,20251202,kfc_es,https://www.tiktok.com/@kfc_es/video/7579267528224951574,135000,7004,356,1046.0,4826,16,9.8,9.54,95.38,5.19,3.57,0.77,text_direct,punch,The text 'it's finger lickin' good' is visible. The text and the chicken are visible in the initial frame.,1.0,chaotic,The presence of the floating chicken and animated brand mascot heads gives the video a chaotic vibe.,0.9,yes,medium,The text 'it's finger lickin' good' is present in all frames.,none,none,brand_character,eduardo,0.0,0,0,studio,static,"[""#FFFFFF"", ""#FF0000""]","[""#FFFFFF"", ""#FF0000""]",1,eduardo,0,none,branding,1,0,Merry rizzmas,0.6,entusiasta,67 Merry Rizzmas
7592944841886158102,20260108,mcdonalds_es,https://www.tiktok.com/@mcdonalds_es/video/7592944841886158102,15500000,13400,103,1101.0,1128,13,0.1,0.1,01.01,0.09,0.01,0.01,text_direct,punch,"The text ""Yo de camino a devolver eso que compré en rebajas porque 4 Menús4You me rentan mucho más."" is visible. The text appears from the first frame.",1.0,authentic,"Handheld mobile phone footage with natural camera shake, real people in a real-world setting.",0.8,yes,medium,Text takes up about 25% of the screen.,female,face,generic,none,0.0,0,0,ugc,handheld,[],"[""#B0D8EF"", ""#B0B5B7"", ""#2E2E2E""]",0,none,0,none,promo,0,0,Menú4You rentable según lógica femenina,0.4,indiferente,sonido original
7555449246154083617,20250929,mcdonalds_es,https://www.tiktok.com/@mcdonalds_es/video/7555449246154083617,241200,1679,38,241.0,58,27,0.84,0.82,8.2,0.7,0.02,0.1,text_direct,flat,"Text says: ""Abriendo los ojos según cuánto me gusten los productos de McDonald's"". Rhythm is flat, nothing changes.",1.0,lifestyle,"Attractive actor, clean lighting, casual clothing, brand restaurant as background.",0.7,yes,medium,text at the bottom of the frame,male,face,generic,none,0.0,0,0,false_ugc,static,"[""#FFC72C""]","[""#FFFFFF"", ""#E5E5E5""]",0,none,0,none,branding,0,0,Nueva forma de disfrutar Chicken McBites,0.4,indiferente,original sound
7574041298454236438,20251118,mcdonalds_es,https://www.tiktok.com/@mcdonalds_es/video/7574041298454236438,3100000,2579,27,341.0,279,29,0.1,0.1,01.03,0.08,0.01,0.01,text_direct,punch,The phrase 'Cada McHappy Day a Blanca le flipa pedirse su Big Mac' is visible.,1.0,lifestyle,The frame shows a woman smiling in a city street. It appears to be a staged environment.,0.9,no,medium,Text is present in the frame.,female,face,generic,none,0.0,0,0,false_ugc,static,"[""#FFC72C""]","[""#F2E7D9"", ""#90B585"", ""#E9E4D4""]",0,none,0,none,branding,1,0,McHappy Day y Fundación Ronald McDonald,0.5,indiferente,sonido original
7560242336417041697,20251012,mcdonalds_es,https://www.tiktok.com/@mcdonalds_es/video/7560242336417041697,610400,6524,79,702.0,728,27,1.32,1.3,13.03,01.07,0.12,0.12,text_direct,punch,Text 'Pov: hoy te sientes typical Spanish' appears in all frames.,1.0,authentic,Shot with a mobile phone. Some shakiness. Imperfect lighting.,0.7,no,low,Text is present but not overwhelming.,none,none,none,none,0.0,0,0,false_ugc,handheld,[],"[""#8B4513"", ""#F0E68C"", ""#FA8072""]",0,none,0,none,branding,1,0,Café con hielo como algo peligroso,0.7,entusiasta,sonido original - McDonald's® España
7589351042119224598,20251229,mcdonalds_es,https://www.tiktok.com/@mcdonalds_es/video/7589351042119224598,8764,116,4,9.0,10,38,1.59,1.54,15.4,1.32,0.11,0.1,text_direct,flat,"The text ""Ya estoy aquí"" is visible in the first frame, and the frames show a person in a park with trees and leaves.",1.0,authentic,"Handheld footage with camera shake, real person in a natural outdoor setting.",0.7,no,low,Single line of text,male,face,influencer,none,0.0,0,0,false_ugc,static,[],"[""#8B4513"", ""#FFFFFF"", ""#006400""]",0,none,0,none,promo,0,0,Creación menú McDonald's DIY,0.2,indiferente,sonido original
7571903143538068758,20251112,mcdonalds_es,https://www.tiktok.com/@mcdonalds_es/video/7571903143538068758,708800,1238,14,158.0,65,14,0.21,0.21,02.06,0.17,0.01,0.02,text_direct,punch,"Frames 0.2, 0.8, 1.4: large McDonald's logo with text ""My BIG DAYS"" and ""29 dias para 29 ofertas"".",1.0,lifestyle,"Clean graphics, bright colors, and presentation of offers in a structured way. Feels like a promotional commercial.",0.8,no,high,"Large text elements in frame 0.8, 1.4",male,face,none,none,0.0,0,0,studio,static,"[""#FFC72C"", ""#FFFFFF"", ""#E20047""]","[""#501511"", ""#FFFFFF"", ""#C45456""]",0,none,0,none,promo,0,0,Solicitud de respuesta a Susana Bicho,0.0,indiferente,original sound
7558804029912960288,20251008,mcdonalds_es,https://www.tiktok.com/@mcdonalds_es/video/7558804029912960288,381100,1547,57,268.0,112,3,0.52,0.51,05.06,0.41,0.03,0.07,text_direct,punch,Texto grande preguntando por un hack para combinar productos McDonald's. La pregunta es visible desde el primer frame.,1.0,authentic,"Grabado como si fuera un teléfono, manos interactuando con la comida, buena calidad",0.9,no,high,Texto ocupa gran parte del encuadre.,male,face,generic,none,0.0,0,0,false_ugc,static,"[""#008CD7"", ""#FFC72C""]","[""#000000"", ""#FFFFFF""]",0,none,0,none,branding,1,0,Usuarios responden a la descripción del video,0.0,indiferente,sonido original - McDonald's® España
7568883882548940064,20251104,mcdonalds_es,https://www.tiktok.com/@mcdonalds_es/video/7568883882548940064,287100,1809,44,189.0,183,27,0.77,0.76,7.6,0.63,0.06,0.07,visual,punch,"The product is edited with a face. The OREO logo is placed over the mouth of the face on the cup. It is an unexpected, strange image.",0.9,chaotic,The images are edited together to make the cup a face and it's disturbing.,0.8,yes,low,Only the Oreo logo is visible,none,none,none,none,0.0,0,0,studio,static,"[""#0059A3"", ""#000000""]","[""#3A2A1F"", ""#A86C40""]",0,none,0,none,branding,1,0,Tentación/atractivo del producto o promoción,0.7,entusiasta,sonido original
7580048985000381718,20251204,mcdonalds_es,https://www.tiktok.com/@mcdonalds_es/video/7580048985000381718,3300000,5476,46,974.0,443,50,0.21,0.21,02.09,0.17,0.01,0.03,text_direct,build,"The frame shows a person speaking with the text '¡Atención compañeros!' (Attention comrades!) visible, indicating a direct message. The initial frame is blurry and resolves, building to reveal the speaker.",0.75,lifestyle,Clean shot of person speaking in daytime lighting on a street. Appears to be an intentionally produced scene with good lighting and sound.,0.8,no,low,One line of visible text,male,face,generic,none,0.0,0,0,studio,zoom_transition,"[""#FFC72C""]","[""#959595"", ""#BCA87E""]",0,none,1,Referencias a los portales del Upside Down.,branding,0,0,Información sobre portales del Upside Down,0.0,indiferente,original sound
7579647501272223009,20251203,mcdonalds_es,https://www.tiktok.com/@mcdonalds_es/video/7579647501272223009,891000,1526,48,226.0,113,6,0.21,0.21,02.09,0.17,0.01,0.03,text_direct,flat,No prominent text or action is visible in the first 1.5 seconds. The scene is neutral.,0.0,lifestyle,"Appears staged, people eating, suggests a lifestyle setting.",0.7,yes,low,Minimal text visible.,both,body,generic,none,0.0,0,0,false_ugc,static,"[""#FFC72C""]","[""#A9A9A9"", ""#FFFFFF""]",0,none,0,none,branding,1,0,Team preference challenge,0.0,indiferente,sonido original
7577484060956691734,20251127,mcdonalds_es,https://www.tiktok.com/@mcdonalds_es/video/7577484060956691734,13800000,35000,310,3243.0,4421,35,0.31,0.31,03.09,0.25,0.03,0.02,visual,flat,The first frames show a blue van with graffiti in front of a McDonald's sign.,0.9,generic,"The scene is a static shot of a van near a McDonald's, without any particular aesthetic flair.",0.5,no,low,"Few words are visible in the first frames, on the van's side.",none,none,none,none,0.0,0,0,studio,zoom_transition,"[""#FFC72C""]","[""#78B0C3"", ""#E0D4C4"", ""#868A97""]",0,none,1,none,branding,0,0,Producto relacionado con Stranger Things,0.5,indiferente,original sound
7554344795737443606,20250926,mcdonalds_es,https://www.tiktok.com/@mcdonalds_es/video/7554344795737443606,2300000,23600,1625,1602.0,4945,11,1.38,1.31,13.11,01.03,0.21,0.07,text_contextual,flat,Large text 'Tiny Tan' and cartoon figures are visible. The shot is static with no immediate action.,1.0,lifestyle,"The animated figures are well-produced and presented in a clean, commercial style. The lighting is good.",0.8,no,medium,Large text is visible but doesn't dominate the screen,none,none,none,none,0.0,0,0,studio,static,[],"[""#E6B0FF"", ""#FFFFFF""]",0,none,1,Nuestros hijos gritarán por dentro: ¡El Happy Meal TinyTAN ya está a la venta!,promo,0,0,Happy Meal TinyTAN,0.0,indiferente,original sound
7579984163550317846,20251204,mcdonalds_es,https://www.tiktok.com/@mcdonalds_es/video/7579984163550317846,7100000,15400,237,1764.0,4974,12,0.32,0.31,3.12,0.22,0.07,0.02,text_contextual,flat,"The text ""Nuevos McFlurry Stranger Caramel Chocolate Pie"" is prominently displayed. The rhythm is flat as the visual is static.",1.0,lifestyle,"The product is styled and displayed cleanly with good lighting, suggesting a staged commercial aesthetic.",0.8,no,medium,A moderate amount of text is present.,none,hands,none,none,0.0,0,0,studio,static,"[""#0071CE"", ""#FFC72C"", ""#F23030""]","[""#C3966B"", ""#000000""]",0,none,0,none,product_launch,1,0,"Nuevos postres McFlurry Stranger Caramel, Chocolate Pie",0.3,indiferente,original sound
7572518930116398358,20251114,mcdonalds_es,https://www.tiktok.com/@mcdonalds_es/video/7572518930116398358,9900000,6339,115,1036.0,418,24,0.08,0.08,0.79,0.06,0.0,0.01,text_direct,punch,"Visible text ""¿Hay mejor plan de viernes que comerse un Big Mac x McHappy Day?"" during first 1.5s. It is a direct question.",1.0,lifestyle,"Shot composition in courtyard, professional lighting, subject posing, clear marketing intent.",0.9,no,low,Text is present but not densely packed in the frame.,female,body,generic,none,0.0,0,0,studio,static,[],"[""#F2D9C9"", ""#FFFFFF""]",0,none,0,none,promo,0,0,McHappy Day: Big Mac ayuda a familias,0.7,entusiasta,original sound
7571558022200184086,20251111,mcdonalds_es,https://www.tiktok.com/@mcdonalds_es/video/7571558022200184086,6700000,4451,90,591.0,243,19,0.08,0.08,0.79,0.07,0.0,0.01,text_direct,punch,"Frames 1-3: Big McDonalds logo fills most of the screen, second frame shows text 'My BIG DAYS 29 días para 29 ofertas'.",1.0,lifestyle,"The video has a polished studio look, transitioning into a scene with a person holding a large McDonald's logo.",0.9,no,medium,Text appears in the second and third frames,male,body,generic,none,0.0,0,0,studio,zoom_transition,"[""#FFC72C"", ""#E2003A""]","[""#732320"", ""#FFFFFF""]",0,none,0,none,promo,0,0,Anuncio de un nuevo programa/oferta,0.7,entusiasta,original sound
7585174648057302294,20251218,mcdonalds_es,https://www.tiktok.com/@mcdonalds_es/video/7585174648057302294,4600000,3194,45,621.0,325,17,0.09,0.09,0.9,0.07,0.01,0.01,visual,reveal,"No texto prominente, acción física o impacto visual fuerte en los primeros frames.",0.0,generic,Normal scene in a TV,0.0,no,low,Texto pequeño en la marca del televisor.,both,body,none,none,0.0,0,0,studio,static,"[""#0029B3"", ""#FFC72C"", ""#D90012""]","[""#804933"", ""#32312F"", ""#C8A577""]",0,none,0,none,promo,0,0,Menú para afrontar la batalla final,0.5,indiferente,sonido original
7575997633026624800,20251123,mcdonalds_es,https://www.tiktok.com/@mcdonalds_es/video/7575997633026624800,907000,766,11,107.0,30,19,0.1,0.1,1.0,0.08,0.0,0.01,text_direct,punch,"The text ""My BIG DAYS"" is visible in large letters against the McDonald's logo in the first 1.5 seconds.",1.0,lifestyle,"The video has a commercial aesthetic, with clear visuals of the brand and a professional style.",0.9,no,medium,Text covers a significant portion of the frame.,male,face,generic,none,0.0,0,0,studio,zoom_transition,"[""#FFC72C"", ""#E60026""]","[""#4E1A22"", ""#E1E1E1""]",0,none,0,none,promo,0,0,Traición y búsqueda de respuesta,0.0,indiferente,original sound
7574405756179451169,20251119,mcdonalds_es,https://www.tiktok.com/@mcdonalds_es/video/7574405756179451169,790300,785,8,103.0,47,18,0.12,0.12,1.18,0.1,0.01,0.01,text_direct,punch,"The text ""My Mc BIG DAYS"" is prominently displayed in the first frame.",1.0,lifestyle,The video has a polished TV commercial aesthetic with bright colors and clean graphics.,0.9,no,high,The text 'My McBIGDAYS 29 días para 29 ofertas' is the most prominent element in the frame.,male,body,generic,none,0.0,0,0,studio,zoom_transition,"[""#FFC72C"", ""#E3003C""]","[""#690018""]",0,none,0,none,promo,0,0,Acusación/provocación a un usuario,0.3,indiferente,sonido original - McDonald's® España
7563700757820755222,20251021,mcdonalds_es,https://www.tiktok.com/@mcdonalds_es/video/7563700757820755222,5200000,4915,83,884.0,323,16,0.12,0.12,1.18,0.09,0.01,0.02,text_direct,reveal,"The text 'Lista de tareas del hogar' with 'Limpiar la cocina' and a red 'X' appears on the first frame, changing to a green checkmark on the third frame, indicating completion. The rhythm builds expectation and delivers a payoff with the visual change.",1.0,authentic,"Shot in a real kitchen with a slightly shaky camera, natural lighting, and imperfect composition, suggesting a candid, unscripted recording typical of user-generated content.",0.9,no,medium,There is text on the screen in a medium amount.,none,none,none,none,0.0,0,0,ugc,static,[],"[""#F0E6D8"", ""#5C3A29"", ""#FFFFFF""]",0,none,0,none,promo,0,0,Descuento en ofertas familiares con la app,0.0,indiferente,original sound
7556240504489397536,20251001,mcdonalds_es,https://www.tiktok.com/@mcdonalds_es/video/7556240504489397536,574600,589,20,70.0,38,10,0.12,0.12,1.21,0.1,0.01,0.01,text_direct,flat,Text overlay 'Es el día del café mi bestie y yo en corto'. Two women holding McCafe cups. Text is direct since it is a general message about the day of the coffee.,1.0,lifestyle,"The video features two attractive women holding coffee cups and smiling at the camera in a bright and well-lit outdoor environment. The composition, with its clear framing of the subjects and the product, resembles a commercial aesthetic.",1.0,no,low,Text overlay on a small area of the screen,female,face,generic,none,0.0,0,0,false_ugc,static,"[""#F2C94C""]","[""#5C8A47"", ""#9197A5"", ""#F6F0E4""]",0,none,0,none,branding,1,0,Comparación entre tipos de café/personalidades,0.0,indiferente,sonido original
7572897532620066081,20251115,mcdonalds_es,https://www.tiktok.com/@mcdonalds_es/video/7572897532620066081,850500,927,13,123.0,39,21,0.13,0.13,1.28,0.11,0.0,0.01,text_direct,punch,Frames 1-2 show the McDonald's logo followed by text 'My BIG DAYS 29 días para 29 ofertas'.,0.9,lifestyle,"Clean graphics, bright colors and a studio-like aesthetic.",0.7,no,medium,Text appears in the second frame.,male,face,generic,none,0.0,0,0,studio,zoom_transition,"[""#FFC72C"", ""#E0003F""]","[""#A11633"", ""#F5F5F5""]",0,none,0,none,promo,0,0,Desafío/Indirecta a @Carliyoelnervio,0.0,indiferente,original sound
7584762333520596246,20251217,mcdonalds_es,https://www.tiktok.com/@mcdonalds_es/video/7584762333520596246,7000000,7938,64,930.0,631,23,0.14,0.14,1.36,0.11,0.01,0.01,text_direct,flat,"The text ""POV: Eres la amiga detallista del grupo"" is displayed. A woman is holding two McDonald's bags in front of a McDonald's restaurant.",1.0,lifestyle,The footage resembles a commercial aesthetic with a person smiling.,0.7,no,low,Text is present but not overwhelming.,female,body,generic,none,0.0,0,0,false_ugc,handheld,"[""#E83424""]","[""#D8D8D8"", ""#A9A9A9""]",0,none,0,none,promo,1,0,Promoción tazas McMenú Grande,0.0,indiferente,sonido original
7587087674595396886,20251223,mcdonalds_es,https://www.tiktok.com/@mcdonalds_es/video/7587087674595396886,6500000,7332,109,1080.0,1011,20,0.15,0.14,1.45,0.11,0.02,0.02,action,build,"Hand places a brown mug with yellow reindeer illustration on the table, more mugs are being added. The mugs are placed and build up, but the entire collection is not displayed immediately.",0.7,lifestyle,"Clean composition, product as a focus, with Christmas tree on the background. Studio lightning.",0.7,no,low,There is only logo on a mug.,female,hands,none,none,0.0,0,0,studio,static,"[""#8B4513"", ""#FFDA61""]","[""#DEB887"", ""#F5F5DC""]",0,none,0,none,promo,1,0,El regalo perfecto,0.7,entusiasta,sonido original
7577376503634332951,20251127,mcdonalds_es,https://www.tiktok.com/@mcdonalds_es/video/7577376503634332951,424300,544,16,83.0,27,13,0.16,0.15,1.54,0.13,0.01,0.02,action,flat,A woman holding and juggling a burger. The shot is static and neutral.,0.9,lifestyle,"A woman is shown juggling a burger in a well-lit, clean environment. The overall feel is staged and polished, characteristic of lifestyle content.",0.8,no,low,Little to no text is visible in the frame.,female,body,generic,none,0.0,0,0,studio,static,[],"[""#E5DCC7"", ""#F2E4D7"", ""#A3A07A""]",0,none,0,none,branding,1,0,Publicación diaria de comida apetitosa,0.6,entusiasta,sonido original
7573663064503995680,20251117,mcdonalds_es,https://www.tiktok.com/@mcdonalds_es/video/7573663064503995680,1200000,1670,33,193.0,117,20,0.17,0.16,1.65,0.14,0.01,0.02,text_direct,flat,The text 'Te entra un antojo y no hay nada en la nevera' is visible in the first frames. The rhythm is flat.,1.0,authentic,"Handheld camera footage, real person, imperfect lighting, and a messy, real-world setting (kitchen).",0.9,no,low,A small amount of text is present.,male,face,generic,none,0.0,0,0,ugc,handheld,[],"[""#FFFFFF"", ""#D8E2ED"", ""#1E2022""]",0,none,0,none,branding,0,0,McDelivery servicio a domicilio,0.5,indiferente,sonido original
7589270954740632854,20251229,mcdonalds_es,https://www.tiktok.com/@mcdonalds_es/video/7589270954740632854,15100000,22400,320,1860.0,1602,33,0.17,0.17,1.71,0.15,0.01,0.01,text_contextual,flat,"Text reads ""McDonald's XMAS Games"" above a group of people. No clear action or visual impact. The rhythm feels neutral.",0.9,lifestyle,"Group of attractive people with Christmas decorations, simulating a lifestyle scene.",0.8,no,low,small text on screen,both,face,generic,none,0.0,0,0,false_ugc,static,"[""#FFC72C"", ""#0069B2"", ""#D90012""]","[""#C5C5C5"", ""#8F5E5E"", ""#EAE2D6""]",0,none,0,none,branding,0,0,Tradiciones adaptadas a la marca,0.5,indiferente,Sleigh Ride (From 'Christmas Dance Party')
7585566248184925462,20251219,mcdonalds_es,https://www.tiktok.com/@mcdonalds_es/video/7585566248184925462,11800000,16600,243,2164.0,1923,18,0.18,0.18,1.75,0.14,0.02,0.02,action,flat,"Three people are sitting at a small table and are playing with McDonald's happy meal boxes. The scene is set outdoors, during daylight hours.",0.9,lifestyle,"The frames show a lifestyle setting with individuals interacting in an outdoor environment, likely staged for a promotional context.",0.8,no,low,There is no significant text present in the frames.,both,body,generic,none,0.0,0,0,studio,static,"[""#FF0000"", ""#FFC72C""]","[""#E9D7A8"", ""#78B0FF""]",0,none,0,none,branding,1,0,Nuevas miniaturas exclusivas Little McDonald's,0.5,indiferente,sonido original
7584491102577659158,20251216,mcdonalds_es,https://www.tiktok.com/@mcdonalds_es/video/7584491102577659158,3300000,5141,90,589.0,354,18,0.19,0.18,1.84,0.16,0.01,0.02,action,reveal,A person in cycling gear appears behind a window in frame 2. In frame 4 a hand appears with McDonald's paper packaging.,0.9,generic,The video lacks distinct aesthetic qualities that would classify it into any of the other categories. It is simple and straightforward with a regular setting.,0.7,no,low,No text is visible.,male,face,generic,none,0.0,0,0,false_ugc,static,"[""#FFC72C"", ""#DA291C""]","[""#B2BEB5"", ""#5CB85C""]",0,none,0,none,branding,0,0,Próximo anuncio o evento importante,0.3,indiferente,sonido original
7558454730561817878,20251007,mcdonalds_es,https://www.tiktok.com/@mcdonalds_es/video/7558454730561817878,6300000,8766,138,767.0,2110,25,0.19,0.18,1.85,0.14,0.03,0.01,text_direct,flat,"Text 'Ufff, cómo se ve la nueva Bulled Pork.' visible in first frames.",1.0,lifestyle,"Shot of a person eating a burger, good lighting, looks like a tv commercial",0.9,no,medium,Text overlayed on the video.,male,face,generic,none,0.0,0,0,false_ugc,static,[],"[""#D3D3D3"", ""#FFFFFF""]",0,none,0,none,product_launch,1,0,promo,0.4,indiferente,sonido original
7573428489601223958,20251116,mcdonalds_es,https://www.tiktok.com/@mcdonalds_es/video/7573428489601223958,95500,9350,51,1074.0,887,23,11.9,11.84,118.44,9.79,0.93,1.12,text_direct,punch,There is text '¿Sabéis cuál es el juego favorito de Will?' visible in the fourth frame. No clear rhythm.,1.0,lifestyle,"Set up of toys as an advertisement. Clean, staged appearance. TV commercial aesthetic.",0.8,yes,low,Only one question is visible.,none,body,none,none,0.0,0,0,studio,static,"[""#FFC72C"", ""#9E1B32"", ""#FFDA61""]","[""#9E1B32"", ""#FFFFFF"", ""#4E4843""]",0,none,1,Menciones directas a personajes de marca por nombre,promo,0,0,"Nuevos coleccionables Stranger Things, juego rol",0.0,indiferente,original sound
7572251589415669014,20251113,mcdonalds_es,https://www.tiktok.com/@mcdonalds_es/video/7572251589415669014,215400,22000,153,2581.0,2205,23,12.51,12.44,124.35,10.21,01.02,1.2,visual,flat,"The first frames show 'STRANGER THINGS' with a McDonald's logo. This is a promotional campaign. The following frames show the action taking place between two figures. The hook is flat because it's just the name and a logo, without promotion.  | coerced: text_direct contradicted by evidence",0.0,generic,There are figures on a table in a dollhouse-like setting.,0.9,no,low,"Small text size, little information",none,body,none,none,0.0,0,0,studio,static,"[""#d4a653""]","[""#b35134"", ""#ffffff"", ""#000000""]",1,McDonald's golden arches,0,none,promo,1,0,Stranger Things coleccionables y juego,0.5,indiferente,original sound
7566223662928497952,20251028,mcdonalds_es,https://www.tiktok.com/@mcdonalds_es/video/7566223662928497952,13300,172,12,8.0,6,32,1.49,1.4,13.98,1.29,0.05,0.06,text_direct,flat,"Large text ""¿Quién es más? Versión My Crew"". Flat framing of two employees.",1.0,lifestyle,The video shows McDonald's employees. Good lighting and natural looking composition.,0.9,yes,high,Text covers a large portion of the frame.,both,body,employee,none,0.0,0,0,false_ugc,static,"[""#FEE500"", ""#D72621""]","[""#FFFFFF"", ""#292831""]",0,none,0,none,branding,1,0,Juego 'Quién es más' con empleados McDonald's,0.0,indiferente,original sound
7568936333234769174,20251104,mcdonalds_es,https://www.tiktok.com/@mcdonalds_es/video/7568936333234769174,1300000,12600,126,882.0,5377,31,1.46,1.45,14.51,0.97,0.41,0.07,action,flat,Man pointing at screen of McDonald's self-order kiosk in all three frames. The camera is static.,0.9,authentic,Appears to be shot on a mobile phone. Natural camera shake. Messy setting.,0.7,no,low,"Text on screen and as captions at the bottom, relatively little.",male,face,generic,none,0.0,0,0,false_ugc,static,"[""#FFC72C""]","[""#F4EEE0"", ""#B2B2B2""]",0,none,0,none,promo,1,0,Promoción McDonald's Gran Vía Madrid gratis,0.7,entusiasta,original sound
7569194045998697761,20251105,mcdonalds_es,https://www.tiktok.com/@mcdonalds_es/video/7569194045998697761,15200,212,13,8.0,6,32,1.57,1.49,14.87,1.39,0.04,0.05,text_direct,flat,"The text ""¿Quién es más? Versión My Crew"" is visible and large on the screen. The visual is static, and no clear rhythm is present.",1.0,lifestyle,"Clean composition, commercial aesthetic despite B&W, employees presented well.",0.8,yes,medium,Text is present but does not cover a large portion of the screen.,female,body,employee,none,0.0,0,0,false_ugc,static,"[""#FFC72C""]","[""#F2F2F2"", ""#000000""]",0,none,0,none,branding,0,0,Juego 'Quién es más' con empleados McDonald's,0.0,indiferente,sonido original
7553681003982687510,20250924,mcdonalds_es,https://www.tiktok.com/@mcdonalds_es/video/7553681003982687510,12000,183,15,6.0,11,62,1.79,1.67,16.67,1.52,0.09,0.05,text_direct,flat,Text 'En McDonald's estamos haciendo mucho' is visible on a green background. It is a statement that could be intriguing. The presentation is flat and without any build or reveal.,0.7,generic,Simple text on a plain background. Lacks distinct aesthetic characteristics.,0.6,no,low,small amount of text,none,none,none,none,0.0,0,0,studio,static,[],"[""#336935""]",0,none,0,none,branding,0,0,"McDonald's: Impulsando sostenibilidad medioambiental, social y económica",0.0,indiferente,Hip Hop Background(814204)
7569565603606908182,20251106,mcdonalds_es,https://www.tiktok.com/@mcdonalds_es/video/7569565603606908182,8100000,640400,4393,532000.0,204500,10,17.05,17.0,169.99,7.91,2.52,6.57,visual,build,"Silhouettes of burgers in a dark setting with red background, building suspense.",0.9,generic,"Dark setting, silhouettes, slow build-up",0.7,no,low,No visible text,none,none,none,none,0.0,0,0,studio,static,[],"[""#800000"", ""#000000""]",0,none,0,none,promo,0,0,Evento o promoción próxima: 11.11,0.3,indiferente,original sound
7553609079109848352,20250924,mcdonalds_es,https://www.tiktok.com/@mcdonalds_es/video/7553609079109848352,4100000,7616,63,1083.0,462,52,0.22,0.22,2.23,0.19,0.01,0.03,action,flat,"A person brings a small, black and yellow object to their mouth. No clear visual hook.",0.7,generic,Standard framing and natural lighting; nothing stands out.,0.8,no,low,No significant text is visible in the frames.,male,face,generic,none,0.0,0,0,studio,static,[],"[""#76B5EB"", ""#C9C8C1""]",0,none,0,none,promo,1,0,Menú promocional desde 3.50€,0.0,indiferente,original sound
7581884347582549270,20251209,mcdonalds_es,https://www.tiktok.com/@mcdonalds_es/video/7581884347582549270,4800000,9015,94,736.0,1070,16,0.23,0.23,2.25,0.19,0.02,0.02,text_direct,punch,Text '48.999.999' visible. Man with a white beard looking at mugs,1.0,lifestyle,Christmas tree in the background and mugs,0.9,no,low,small amount of text,male,face,generic,none,0.0,0,0,studio,static,[],"[""#2E2925"", ""#D4C7B3"", ""#080607""]",0,none,0,none,promo,1,0,Promoción taza por 1€ con McMenú,0.0,indiferente,sonido original
7576631449583979809,20251125,mcdonalds_es,https://www.tiktok.com/@mcdonalds_es/video/7576631449583979809,304900,696,19,57.0,62,14,0.27,0.27,2.67,0.23,0.02,0.02,text_direct,punch,The text 'Tu amigo el que no quería nada te pide un bocado' is visible in all first three frames. It's a direct question.,1.0,authentic,"Visible camera shake, imperfect lighting, real person.",0.9,yes,medium,Text present in the frames.,male,face,generic,none,0.0,0,0,ugc,static,"[""#FFC300"", ""#000000""]","[""#FFFFFF"", ""#000000""]",0,none,0,none,branding,1,0,Animal attempting to bite finger,0.0,indiferente,sonido original
7589597563305676054,20251230,mcdonalds_es,https://www.tiktok.com/@mcdonalds_es/video/7589597563305676054,8400000,18300,220,1834.0,3046,31,0.28,0.28,2.76,0.22,0.04,0.02,text_direct,punch,Text reads: 'Pov: tu familia es más de Chicken McBites que de uvas'. The text and the scene are immediately visible.,1.0,lifestyle,"The frames show a family Christmas gathering with product placement, bright lighting, and staged appearance with people smiling and enjoying the Chicken McBites.",0.8,yes,low,Small amount of text at the top of the frame,female,face,generic,none,0.0,0,0,false_ugc,handheld,"[""#FFC72C""]","[""#E9E2D9"", ""#2E313C"", ""#64A187""]",0,none,0,none,branding,1,0,Deseo de un buen fin de año,0.3,indiferente,sonido original
7582278387473976598,20251210,mcdonalds_es,https://www.tiktok.com/@mcdonalds_es/video/7582278387473976598,2500000,5144,103,902.0,1087,28,0.29,0.29,2.85,0.21,0.04,0.04,action,flat,Man looking into a brown bag and taking out an object. No prominent text or extreme visuals. The first few frames show a person reaching into a bag.,0.9,lifestyle,"The scene is well-lit, and the subject seems comfortable. The overall presentation suggests a planned production.",0.7,no,low,No prominent text visible in the first frames.,male,body,generic,none,0.0,0,0,studio,static,[],"[""#FFFFFF"", ""#D3D3D3"", ""#000000""]",0,none,0,none,promo,0,0,Promoción navideña McDonald's: regalos por taza,0.4,indiferente,sonido original
7592685145145134339,20260107,mcdonalds_es,https://www.tiktok.com/@mcdonalds_es/video/7592685145145134339,2400000,6022,34,524.0,337,18,0.29,0.29,2.87,0.25,0.01,0.02,action,flat,Two people sitting on a bench in a park setting. One is eating a McDonald's product. No prominent text in the first 1.5s.,0.9,lifestyle,People are casually eating McDonald's in a park setting. The scene is well-lit and the actors are conventionally attractive.,0.8,no,low,Very little text is present in the frames.,both,body,generic,none,0.0,0,0,studio,static,"[""#FFC72C""]","[""#B0B96E"", ""#788A33"", ""#A0522D""]",0,none,0,none,promo,1,0,"McDonald's: menú propio, es real",0.0,indiferente,sonido original
7556955472050294038,20251003,mcdonalds_es,https://www.tiktok.com/@mcdonalds_es/video/7556955472050294038,2700000,6494,202,575.0,2153,14,0.35,0.34,3.42,0.24,0.08,0.02,text_direct,flat,"There is text visible: ""Uff, como se ve la nueva *****"". It is displayed on the bottom part of the frame, over the torso of a person holding a burger with both hands. The text is the most prominent element in the first 1.5 seconds.",1.0,lifestyle,"The scene has a commercial aesthetic with a person holding and admiring a burger while sitting in a car, the setting seems realistic but the colors and lighting are controlled, giving a lifestyle vibe.",0.9,no,medium,There is some text visible but it is not dominating the whole frame.,male,face,generic,none,0.0,0,0,false_ugc,static,"[""#FFC72C""]","[""#87CEEB"", ""#800000""]",0,none,0,none,product_launch,1,0,Próximo lanzamiento potente de un taller,0.7,entusiasta,sonido original
7563346159918468374,20251020,mcdonalds_es,https://www.tiktok.com/@mcdonalds_es/video/7563346159918468374,2400000,7525,91,661.0,1397,22,0.4,0.4,3.99,0.31,0.06,0.03,visual,flat,"The first frames show a purple car in focus. The perspective does not change significantly in the following frames, maintaining a flat rhythm.",0.9,generic,"The visual content appears to be a generic advertisement or promotional material for a car, without any unique stylistic elements.",0.7,no,low,License plate numbers visible.,male,body,none,none,0.0,0,0,false_ugc,zoom_transition,[],"[""#A9A79E"", ""#707859"", ""#FFFFFF""]",0,none,0,none,promo,1,0,Evento McExtreme Bulled Pork coches tuneados,0.7,entusiasta,sonido original
7572959212075060502,20251115,mcdonalds_es,https://www.tiktok.com/@mcdonalds_es/video/7572959212075060502,9233,288,9,37.0,22,26,3.86,3.76,37.58,3.12,0.24,0.4,text_direct,flat,"The first frames do not have a close-up of the question, but frames are showing close-up on the last one, and question is visible. | coerced: text_direct contradicted by evidence",0.0,lifestyle,"The frame presents a stylized set with figurines, suggesting a commercial aesthetic and intentional production.",0.8,no,low,Limited text in relation to the frame's area.,none,none,none,none,0.0,0,0,studio,static,"[""#FFC72C""]","[""#5E1108"", ""#D07941"", ""#FFFFFF""]",0,none,0,none,promo,1,0,Nuevos coleccionables y juego Stranger Things,0.0,indiferente,original sound
7572556406402911510,20251114,mcdonalds_es,https://www.tiktok.com/@mcdonalds_es/video/7572556406402911510,7869,240,12,52.0,48,21,4.47,4.32,43.21,03.05,0.61,0.66,text_contextual,flat,The McDonald's logo is visible on the wall. The rhythm is flat as the logo is visible in all frames without change.,1.0,lifestyle,"Studio lighting, staged scenario with characters, and product placement suggest a lifestyle aesthetic typical of a commercial.",0.9,no,low,Only the McDonald's logo is visible.,none,body,none,none,0.0,0,0,studio,static,"[""#FFBA00""]","[""#77370A"", ""#F2E3BC""]",0,none,0,none,promo,1,0,Nuevos coleccionables y juego Stranger Things,0.5,indiferente,original sound
7574940311273639190,20251120,mcdonalds_es,https://www.tiktok.com/@mcdonalds_es/video/7574940311273639190,8713,305,20,40.0,55,60,4.82,4.59,45.91,3.5,0.63,0.46,text_contextual,flat,"The box of food says ""Stranger Things"" and has the McDonald's logo. At frame 0.2 the text ""¡Hola!"" is visible.",1.0,lifestyle,"Commercial vibe, good lighting, clean composition.",0.9,no,low,Few words at the beginning,male,face,none,none,0.0,0,0,studio,static,"[""#FFC72C"", ""#001E4A""]","[""#800000"", ""#000080""]",0,none,0,none,product_launch,1,0,Felicidad al estar con amigos,0.7,entusiasta,original sound
7590801045790412054,20260102,mcdonalds_es,https://www.tiktok.com/@mcdonalds_es/video/7590801045790412054,4200000,18300,363,1578.0,3161,16,0.56,0.55,5.49,0.44,0.08,0.04,text_direct,punch,The first three frames show a newspaper headline 'SE QUEDA'.,1.0,lifestyle,"Staged newspaper prop, product featured, lighting and composition are professionally done.",0.8,no,high,lots of text on the newspaper,none,none,none,none,0.0,0,0,studio,static,"[""#FFC72C"", ""#002654"", ""#D90011""]","[""#91693A"", ""#FFFFFF"", ""#D8B58A""]",0,none,0,none,product_launch,1,0,McMenú Stranger Things,0.5,indiferente,sonido original
7588094091867639062,20251226,mcdonalds_es,https://www.tiktok.com/@mcdonalds_es/video/7588094091867639062,3400000,17200,128,1214.0,1147,15,0.58,0.58,5.75,0.51,0.03,0.04,text_contextual,flat,"The McDonald's logo, the Netflix logo, and the Stranger Things logo are prominently displayed. The rhythm is flat as there's no dynamic action or reveal within the initial frames.",1.0,generic,"The advertisement presents a collaboration in a clean and standard format, lacking distinct sensory, chaotic, authentic, didactic, or lifestyle elements. The framing is static and the imagery is not particularly stylized.",0.7,no,medium,Logos and text are visible but not overwhelming.,none,none,none,none,0.0,0,0,studio,zoom_transition,"[""#FFBA00"", ""#E50914""]","[""#222529""]",0,none,0,none,branding,0,0,Batalla final para cerrar portales,0.7,entusiasta,sonido original
7571421843140201750,20251111,mcdonalds_es,https://www.tiktok.com/@mcdonalds_es/video/7571421843140201750,19500000,89800,1234,8541.0,30600,14,0.67,0.66,6.61,0.46,0.16,0.04,text_contextual,flat,First frames show cup with McDonald's logo. Box appears with the text 'Stranger Things'.,0.9,lifestyle,"Clean, well-lit shot showcasing the product with a modern feel.",0.8,no,medium,Text on the box is present but not overwhelming.,male,hands,none,none,0.0,0,0,studio,static,"[""#FFC72C"", ""#DA291C""]","[""#7B0A12"", ""#FFFFFF""]",0,none,0,none,promo,1,0,Coleccionar y prepararse para la batalla final,0.5,indiferente,original sound
7564435370100755744,20251023,mcdonalds_es,https://www.tiktok.com/@mcdonalds_es/video/7564435370100755744,2300000,16100,469,759.0,936,59,0.79,0.77,7.74,0.7,0.04,0.03,action,flat,An influencer is holding a card with a person's picture on it. The influencer is standing in front of a background with McDonald's colors and logo.,0.7,lifestyle,"The video has a professional studio feel, with a clean and attractive influencer in a branded outfit.",0.8,no,low,"There is text on the jacket and the card, but it's not prominently displayed.",female,face,influencer,none,0.6,0,0,studio,static,"[""#FFC72C"", ""#007834"", ""#D72424""]","[""#FFDA47"", ""#808000"", ""#006400""]",0,none,0,none,branding,0,0,Celebración y diversión grupal,0.7,entusiasta,sonido original
7562116075840703776,20251017,mcdonalds_es,https://www.tiktok.com/@mcdonalds_es/video/7562116075840703776,366200,2621,42,315.0,135,13,0.85,0.84,8.39,0.72,0.04,0.09,text_contextual,flat,"The text 'McFlurry' is visible on the container in the first frame. The first frame shows a hand holding the product, and no strong action or visual impact is present.",1.0,lifestyle,"The content shows well-lit, aesthetically pleasing shots of the product held in a hand with manicured nails, and later shows other variations suggesting care in presentation and filming.",0.7,no,low,The text is limited to the product name.,female,hands,none,none,0.0,0,0,false_ugc,static,"[""#FFBC0A""]","[""#DEB887""]",0,none,0,none,branding,1,0,McFlurry y McCafé: combinación de productos,0.5,indiferente,sonido original